instances,times
san200-0-7-2,0.0896449089050293
frb45-21-2,1.17785787582397
san200-0-9-3,0.092322826385498
c-fat500-1,0.0627732276916504
frb35-17-1,0.502546072006226
san200-0-9-1,0.12808895111084
p-hat300-2,0.0921669006347656
p-hat1500-3,2.47281694412231
frb40-19-1,0.755945920944214
gen400-p0-9-75,0.264725923538208
frb45-21-2,1.14412117004395
C250-9,0.144369125366211
frb35-17-3,0.469992160797119
brock200-2,0.107444047927856
frb35-17-4,0.502809047698975
frb45-21-2,1.13342213630676
frb45-21-1,1.14499020576477
brock400-4,0.24249005317688
DSJC1000-5,0.858027935028076
MANN-a27,0.363777875900269
frb45-21-2,1.14586687088013
MANN-a81,15.8602161407471
san400-0-7-2,0.191080093383789
frb30-15-3,0.524626970291138
frb59-26-2,3.17734694480896
MANN-a81,15.7630209922791
C125-9,0.0515239238739014
p-hat300-1,0.0677309036254883
p-hat1500-3,2.41596412658691
san200-0-9-2,0.0794548988342285
p-hat1500-1,0.935026884078979
gen400-p0-9-75,0.262208938598633
frb45-21-3,1.18531179428101
gen200-p0-9-55,0.117743968963623
san1000,0.779834985733032
brock200-4,0.0699570178985596
hamming10-4,1.26728010177612
frb40-19-3,0.757961988449097
frb50-23-5,1.69954180717468
frb45-21-4,1.14273118972778
keller6,13.2520730495453
c-fat500-2,0.0723249912261963
san400-0-7-2,0.220134973526001
c-fat500-5,0.103470802307129
frb30-15-2,0.297664880752563
hamming10-4,1.27358293533325
brock400-4,0.236674070358276
hamming8-4,0.0909030437469482
frb50-23-2,1.71333384513855
p-hat1500-3,2.41715288162231
brock200-2,0.0636799335479736
frb45-21-4,1.171138048172
frb50-23-5,1.67132902145386
johnson8-2-4,0.0278840065002441
frb40-19-3,0.755563974380493
brock200-4,0.0550360679626465
C2000-9,5.137610912323
frb50-23-5,1.7755401134491
gen400-p0-9-65,0.262625932693481
keller5,0.68474817276001
frb40-19-3,0.752087116241455
brock800-2,0.693737030029297
san400-0-7-3,0.197885990142822
frb100-40,21.3958349227905
C250-9,0.106627941131592
C2000-5,3.07128190994263
hamming6-4,0.0359208583831787
C2000-5,2.91048383712769
c-fat200-5,0.0599701404571533
c-fat200-2,0.0933001041412354
hamming10-4,1.30611991882324
DSJC1000-5,0.765701770782471
c-fat200-1,0.0880510807037354
brock400-2,0.25405216217041
brock200-2,0.0521957874298096
p-hat300-3,0.130711078643799
hamming6-2,0.0747997760772705
san400-0-5-1,0.155155897140503
MANN-a45,1.55286192893982
hamming6-2,0.0226240158081055
frb35-17-4,0.474624156951904
frb40-19-5,0.753324031829834
c-fat500-2,0.0543429851531982
frb40-19-1,0.749511957168579
frb53-24-2,2.21492910385132
brock800-4,0.704807043075562
p-hat1500-3,2.42497491836548
brock800-4,0.642083883285522
frb35-17-4,0.48170804977417
c-fat500-5,0.141263008117676
C250-9,0.0997121334075928
brock400-4,0.233578205108643
hamming6-4,0.0221080780029297
brock800-4,0.655293941497803
DSJC1000-5,0.769128084182739
frb40-19-5,0.795184850692749
san400-0-7-1,0.266442060470581
frb35-17-2,0.48349404335022
gen200-p0-9-55,0.0722448825836182
p-hat300-3,0.191606044769287
san400-0-5-1,0.183022022247314
hamming10-4,1.26420307159424
frb50-23-2,1.67866992950439
C125-9,0.0446131229400635
p-hat300-2,0.0932068824768066
san200-0-9-3,0.0722870826721191
johnson32-2-4,0.410395860671997
frb45-21-4,1.13494396209717
frb100-40,21.3615329265594
frb45-21-1,1.31119608879089
p-hat700-2,0.448234081268311
frb40-19-3,0.754696130752563
p-hat700-2,0.407148838043213
p-hat1500-2,1.66978096961975
p-hat1500-1,1.10668706893921
gen400-p0-9-55,0.47802996635437
gen200-p0-9-44,0.080380916595459
frb40-19-4,0.794220924377441
MANN-a81,16.0783100128174
p-hat300-1,0.0573880672454834
frb40-19-2,0.791830778121948
c-fat200-2,0.0330560207366943
frb30-15-4,0.304648160934448
frb100-40,21.6410870552063
c-fat200-2,0.0390520095825195
san200-0-9-1,0.0819101333618164
frb59-26-5,3.15736198425293
frb53-24-2,2.04719400405884
MANN-a27,0.262193918228149
p-hat1500-2,1.69807600975037
gen400-p0-9-75,0.264730930328369
frb59-26-3,3.07632422447205
gen400-p0-9-55,0.270145893096924
p-hat1500-1,0.886276006698608
MANN-a81,15.763267993927
frb35-17-5,0.485221862792969
C1000-9,1.39763593673706
frb50-23-1,1.68494987487793
frb35-17-4,0.480902910232544
san200-0-7-2,0.0693128108978271
p-hat700-2,0.415278911590576
p-hat300-3,0.116307020187378
frb35-17-3,0.475003957748413
p-hat1500-3,2.98440217971802
frb59-26-2,3.05354595184326
frb59-26-1,3.02550315856934
hamming8-2,0.121516942977905
johnson8-2-4,0.296444892883301
frb59-26-2,3.08333516120911
frb30-15-4,0.300081968307495
frb30-15-4,0.29756498336792
san200-0-9-2,0.0827200412750244
frb40-19-5,0.826308012008667
brock400-2,0.235238075256348
san200-0-9-3,0.117516994476318
C1000-9,1.31257700920105
hamming8-4,0.0810279846191406
gen200-p0-9-55,0.0778179168701172
frb30-15-2,0.307456970214844
frb35-17-3,0.477108001708984
p-hat1500-2,1.73739886283875
keller6,13.5818390846252
frb40-19-3,0.894865989685059
C125-9,0.0408840179443359
san200-0-7-1,0.0771842002868652
brock200-4,0.0600409507751465
frb53-24-4,2.10803985595703
johnson16-2-4,0.0447719097137451
hamming6-4,0.0286118984222412
DSJC500-5,0.369513988494873
san400-0-7-1,0.177911996841431
C500-9,0.388306856155396
p-hat300-1,0.0956659317016602
c-fat500-1,0.0565969944000244
brock800-2,0.659827947616577
DSJC500-5,0.26485800743103
frb35-17-4,0.477792978286743
keller4,0.0605950355529785
MANN-a27,0.271636009216309
C500-9,0.384146928787231
frb50-23-1,1.7145299911499
MANN-a27,0.287497043609619
san200-0-7-1,0.0722708702087402
C2000-9,5.17780804634094
frb35-17-1,0.486001014709473
frb35-17-1,0.483367919921875
frb40-19-5,0.754338979721069
frb50-23-1,1.68659496307373
frb40-19-2,0.751862049102783
frb45-21-1,1.1302661895752
keller6,13.3452348709106
gen200-p0-9-55,0.145015954971313
p-hat1500-2,1.68858098983765
hamming6-2,0.0186598300933838
frb30-15-1,0.298298120498657
san400-0-7-3,0.220734119415283
frb40-19-2,0.75407600402832
frb35-17-2,0.476216077804565
hamming6-2,0.021629810333252
C250-9,0.408026933670044
frb45-21-2,1.14531397819519
frb53-24-3,2.11539506912231
MANN-a45,1.53745102882385
frb53-24-1,2.08190703392029
san400-0-7-1,0.229171991348267
san400-0-7-2,0.222442150115967
frb40-19-5,0.76036810874939
frb30-15-3,0.242916107177734
san200-0-9-3,0.245386838912964
san400-0-5-1,0.184648990631104
hamming6-4,0.0196208953857422
MANN-a81,15.848443031311
san400-0-5-1,0.208927154541016
frb30-15-2,0.295458793640137
c-fat500-1,0.0574288368225098
frb35-17-5,0.477560043334961
keller5,0.839056968688965
c-fat500-2,0.0689918994903564
hamming6-2,0.0257549285888672
frb59-26-5,3.00112104415894
san400-0-7-1,0.235152006149292
frb35-17-5,0.478870868682861
frb59-26-2,3.05707502365112
frb35-17-5,0.477433919906616
c-fat500-1,0.0572419166564941
c-fat200-2,0.030311107635498
keller4,0.0499658584594727
MANN-a27,0.262192010879517
C125-9,0.0432059764862061
frb53-24-4,2.05911803245544
MANN-a9,0.0300729274749756
C1000-9,1.31334209442139
c-fat500-2,0.0920600891113281
frb50-23-1,1.72271013259888
frb35-17-4,0.490600109100342
frb35-17-5,0.479975938796997
frb30-15-2,0.311506032943726
p-hat1500-3,2.43741083145142
C250-9,0.10456395149231
p-hat700-2,0.440746068954468
MANN-a9,0.0190620422363281
frb30-15-2,0.3332200050354
johnson16-2-4,0.0348379611968994
DSJC500-5,0.255977153778076
p-hat700-1,0.260044097900391
frb40-19-1,0.761122941970825
san200-0-9-2,0.0806138515472412
frb53-24-4,2.05839586257935
johnson8-4-4,0.0218930244445801
frb30-15-2,0.345395088195801
keller4,0.0698599815368652
p-hat700-1,0.263162136077881
frb59-26-1,3.21725487709045
gen400-p0-9-65,0.266590118408203
c-fat500-1,0.0592169761657715
hamming8-4,0.139364957809448
c-fat200-1,0.0284309387207031
johnson8-4-4,0.0243589878082275
c-fat500-2,0.0959761142730713
frb40-19-2,0.815684080123901
frb30-15-2,0.325850963592529
frb100-40,21.6798820495605
C2000-5,2.97905302047729
c-fat200-1,0.0266311168670654
p-hat1500-1,0.918835878372192
san400-0-7-2,0.185126066207886
brock400-4,0.244848012924194
c-fat500-1,0.060999870300293
c-fat500-1,0.146173000335693
frb35-17-5,0.48540997505188
frb35-17-5,0.483922004699707
san400-0-7-2,0.229698181152344
gen200-p0-9-55,0.176450967788696
c-fat200-2,0.0272541046142578
frb35-17-5,0.483615159988403
C1000-9,1.30646991729736
p-hat1500-1,0.881889820098877
frb30-15-3,0.316647052764893
C2000-9,5.13352608680725
c-fat500-5,0.145530939102173
p-hat300-3,0.128014087677002
gen400-p0-9-55,0.263475894927979
frb53-24-2,2.08087491989136
p-hat300-3,0.126241207122803
frb45-21-1,1.19344305992126
san400-0-5-1,0.184375047683716
frb50-23-5,1.67936897277832
frb45-21-5,1.29935598373413
san200-0-9-1,0.0766699314117432
C500-9,0.387625932693481
c-fat500-5,0.0932531356811523
c-fat500-1,0.0520129203796387
frb40-19-2,0.785062789916992
p-hat700-3,0.588099002838135
frb53-24-1,2.06035208702087
keller4,0.0488591194152832
MANN-a27,0.277776002883911
san400-0-7-1,0.248247861862183
frb30-15-1,0.297197818756104
c-fat500-1,0.0571539402008057
frb53-24-4,2.06061697006226
frb30-15-1,0.327867031097412
frb59-26-4,3.00166201591492
san400-0-7-3,0.22368311882019
frb100-40,21.5381247997284
frb35-17-4,0.515121936798096
frb59-26-4,3.1404550075531
frb45-21-4,1.18799090385437
frb53-24-5,2.23498797416687
frb35-17-1,0.482564926147461
brock400-2,0.239598989486694
frb30-15-5,0.321128129959106
MANN-a81,15.8637909889221
frb53-24-3,2.23117208480835
C2000-9,5.11379098892212
san200-0-7-2,0.115442991256714
frb50-23-3,1.68389892578125
gen200-p0-9-55,0.0808610916137695
C2000-9,5.14925789833069
frb59-26-4,2.99205899238586
frb35-17-5,0.538368940353394
frb59-26-1,3.00865006446838
c-fat200-5,0.0442330837249756
brock400-4,0.233902215957642
frb50-23-5,1.7047591209411599
frb35-17-1,0.484673023223877
frb50-23-5,1.7286810874939
frb40-19-3,1.01892495155334
johnson8-2-4,0.0207169055938721
san400-0-7-3,0.234439134597778
frb53-24-1,2.65859484672546
frb30-15-5,0.29486083984375
frb35-17-2,0.480211019515991
frb45-21-1,1.24015498161316
gen200-p0-9-44,0.0671510696411133
san400-0-5-1,0.18303108215332
san200-0-7-1,0.0524270534515381
brock800-2,0.630012989044189
hamming6-2,0.0198118686676025
frb53-24-1,2.16720581054688
san200-0-7-2,0.0509579181671143
frb59-26-5,3.90835309028625
MANN-a81,22.8275020122528
frb59-26-2,3.75238800048828
c-fat500-5,0.0868721008300781
brock400-2,0.232262849807739
hamming10-4,1.48087096214294
C2000-5,3.51726007461548
MANN-a27,0.212743043899536
frb40-19-4,0.812330007553101
C1000-9,1.5082061290741
san400-0-7-1,0.209375858306885
frb59-26-5,3.16523289680481
C500-9,0.381772994995117
san200-0-9-3,0.0639691352844238
brock400-4,0.233251094818115
gen400-p0-9-65,0.275048017501831
frb50-23-4,1.76257109642029
frb45-21-5,1.20385193824768
frb35-17-5,0.478073835372925
san400-0-7-3,0.309613943099976
johnson16-2-4,0.0441160202026367
brock200-4,0.420895099639893
gen200-p0-9-55,0.128285884857178
hamming8-4,0.0903081893920898
johnson8-4-4,0.0179359912872314
C4000-5,13.0978901386261
C2000-5,3.43159222602844
brock800-4,1.14035081863403
frb53-24-5,2.85375499725342
frb30-15-3,0.682138919830322
frb35-17-1,0.728392839431763
san400-0-7-1,0.343512058258057
frb45-21-4,1.30002593994141
frb35-17-2,0.501814842224121
frb45-21-2,1.30908703804016
frb53-24-4,2.16921210289001
frb30-15-1,0.296306848526001
MANN-a81,16.9905200004578
frb100-40,24.8773140907288
MANN-a27,0.366434097290039
san200-0-7-2,0.0623071193695068
frb35-17-5,0.532284021377563
frb40-19-1,0.849742889404297
p-hat1500-3,2.52889513969421
frb30-15-1,0.28711199760437
C500-9,0.39840292930603
MANN-a9,0.0179488658905029
frb35-17-1,0.705654859542847
frb50-23-3,1.76502203941345
C125-9,0.0350890159606934
C250-9,0.0912711620330811
brock200-2,0.0453250408172607
MANN-a81,16.2309060096741
c-fat200-5,0.035740852355957
brock400-4,0.178331136703491
p-hat1500-1,0.915499925613403
MANN-a45,1.55499196052551
c-fat500-1,0.0434620380401611
frb50-23-2,1.67369985580444
MANN-a45,1.74862790107727
frb40-19-3,0.729614973068237
frb40-19-2,0.741889953613281
c-fat200-2,0.026853084564209
san200-0-7-2,0.219350099563599
keller4,0.0846889019012451
frb45-21-4,1.12754011154175
hamming8-4,0.0764751434326172
hamming8-4,0.0779480934143066
gen200-p0-9-55,0.105969905853271
frb50-23-1,1.72511100769043
c-fat500-1,0.0901670455932617
hamming8-2,0.102754831314087
C125-9,0.0307819843292236
C1000-9,1.29009604454041
p-hat700-3,0.558012008666992
frb35-17-1,0.490880012512207
san200-0-9-3,0.0601420402526855
gen400-p0-9-55,0.251335144042969
p-hat700-3,0.555284976959229
p-hat1500-1,0.8786780834198
johnson8-2-4,0.016287088394165
frb45-21-5,1.12882709503174
johnson32-2-4,0.544058084487915
frb53-24-5,2.04599213600159
frb59-26-1,3.06965303421021
san200-0-9-2,0.0640549659729004
frb50-23-2,1.90884494781494
keller5,0.711570024490356
hamming6-2,0.0212249755859375
DSJC1000-5,0.787508964538574
brock400-2,0.22065806388855
c-fat500-2,0.0488851070404053
frb35-17-4,0.463849067687988
p-hat700-3,0.600872993469238
johnson8-2-4,0.0207021236419678
san200-0-9-2,0.132004976272583
san400-0-7-2,0.172347068786621
MANN-a81,15.8774020671844
frb30-15-5,0.313217163085938
frb50-23-2,1.81335020065308
frb30-15-4,0.283015012741089
san200-0-7-2,0.0536501407623291
frb30-15-2,0.282413005828857
frb35-17-1,0.46220588684082
gen400-p0-9-55,0.251266002655029
gen200-p0-9-44,0.0649559497833252
frb50-23-4,1.66775703430176
C125-9,0.0343050956726074
frb53-24-2,2.03970289230347
brock200-4,0.0477080345153809
keller4,0.0416030883789062
gen400-p0-9-55,0.291085004806519
c-fat200-2,0.02736496925354
brock800-2,0.630855083465576
C500-9,0.363902807235718
frb40-19-4,0.730642795562744
brock400-4,0.176591157913208
frb53-24-1,2.03224110603333
san200-0-7-1,0.055088996887207
johnson16-2-4,0.0275628566741943
MANN-a9,0.0181510448455811
frb50-23-5,1.84395003318787
gen200-p0-9-55,0.0648648738861084
p-hat300-3,0.186537981033325
frb100-40,21.5943179130554
c-fat200-5,0.0625848770141602
frb45-21-3,1.14792919158936
MANN-a27,0.401092052459717
frb35-17-2,0.521278142929077
hamming10-4,1.35925602912903
frb30-15-3,0.283936977386475
san400-0-5-1,0.124575853347778
san200-0-9-1,0.0681960582733154
frb50-23-3,2.11842203140259
frb40-19-1,0.834966897964478
frb30-15-4,0.462738990783691
frb45-21-3,1.80768990516663
frb53-24-1,2.44835186004639
hamming6-4,0.0221869945526123
frb50-23-3,1.73412013053894
frb45-21-2,1.17486786842346
p-hat1500-2,1.90160298347473
C4000-5,12.964152097702
frb50-23-3,1.83249187469482
frb40-19-1,0.768170118331909
p-hat1500-3,2.95524597167969
C250-9,0.0988049507141113
johnson8-4-4,0.0212152004241943
C125-9,0.0326371192932129
johnson16-2-4,0.0269708633422852
frb40-19-4,0.792399168014526
C4000-5,12.9268429279327
frb50-23-3,1.9712221622467
frb53-24-5,2.39448189735413
frb45-21-3,1.31389999389648
gen200-p0-9-44,0.072490930557251
gen400-p0-9-55,0.281190156936646
C2000-9,5.62990713119507
MANN-a45,1.5420708656311
frb35-17-2,0.479302167892456
frb50-23-2,1.90088701248169
C125-9,0.0379118919372559
frb53-24-2,2.46628999710083
san400-0-5-1,0.14590311050415
p-hat700-1,0.270344972610474
MANN-a81,17.4584710597992
p-hat700-2,0.445990085601807
frb40-19-3,0.864119052886963
san200-0-9-2,0.062349796295166
san200-0-9-2,0.269321918487549
C500-9,0.43382716178894
frb59-26-5,3.5403311252594
keller5,0.699751853942871
frb50-23-5,1.79798412322998
frb50-23-2,1.7039680480957
p-hat300-1,0.0502510070800781
hamming10-4,1.31296014785767
frb50-23-2,1.78692102432251
gen400-p0-9-65,0.260564804077148
san200-0-7-1,0.0546271800994873
MANN-a81,16.4342720508575
p-hat300-2,0.148159980773926
keller5,0.685006856918335
brock800-2,0.656468868255615
p-hat1500-2,1.67605113983154
san200-0-9-1,0.0603930950164795
frb59-26-3,3.01905703544617
p-hat1500-1,0.888439178466797
frb53-24-1,2.03630399703979
san400-0-7-2,0.163721084594727
MANN-a9,0.0161299705505371
p-hat700-3,0.583057165145874
p-hat700-1,0.236829996109009
frb30-15-2,0.285876989364624
p-hat700-2,0.455662965774536
frb59-26-2,3.35304689407349
frb30-15-1,0.32204008102417
c-fat200-5,0.0439910888671875
frb45-21-4,1.90959191322327
hamming8-4,0.282018899917603
MANN-a27,0.575586080551147
MANN-a45,3.08366799354553
brock400-2,0.238777875900269
MANN-a45,1.79217600822449
san200-0-9-1,0.0639290809631348
frb30-15-5,0.303649187088013
keller6,17.9166140556335
frb100-40,24.8745610713959
p-hat300-1,0.0587239265441895
frb40-19-2,0.853775024414062
san200-0-9-3,0.118352174758911
frb50-23-5,1.77894997596741
brock400-2,0.219694852828979
p-hat700-3,0.594388961791992
p-hat300-2,0.116799116134644
frb45-21-1,1.19966411590576
frb53-24-4,2.09407210350037
gen400-p0-9-65,0.262532949447632
frb35-17-3,0.476519107818604
p-hat300-2,0.083981990814209
hamming6-2,0.0230000019073486
frb35-17-5,0.493547201156616
MANN-a9,0.0153238773345947
frb53-24-4,2.20511889457703
frb53-24-3,2.19258904457092
brock200-4,0.0494270324707031
MANN-a9,0.0171990394592285
johnson16-2-4,0.214946985244751
brock200-4,0.0959429740905762
C4000-5,12.5674870014191
brock200-4,0.0515961647033691
frb50-23-1,1.78169393539429
brock800-2,0.65962815284729
frb45-21-4,1.17188692092896
c-fat200-5,0.0420131683349609
frb40-19-4,0.823661088943481
frb35-17-3,0.477567911148071
frb35-17-2,0.514840126037598
DSJC500-5,0.243896007537842
p-hat1500-2,1.68760681152344
frb30-15-3,0.284639835357666
frb35-17-5,0.462056875228882
frb30-15-5,0.279610157012939
c-fat200-1,0.0294380187988281
brock200-4,0.0483701229095459
frb53-24-4,2.33270883560181
c-fat500-2,0.051846981048584
C2000-5,2.94584107398987
san1000,0.822216033935547
frb45-21-2,1.18261909484863
brock200-2,0.0447490215301514
MANN-a9,0.0197689533233643
frb35-17-3,0.469609975814819
DSJC1000-5,0.773384094238281
frb30-15-4,0.284810066223145
gen400-p0-9-65,0.440173864364624
brock800-4,0.640650987625122
san200-0-9-2,0.147024869918823
san400-0-7-2,0.218806982040405
frb50-23-4,1.73603415489197
hamming6-4,0.0185940265655518
frb59-26-1,3.27720189094543
frb30-15-5,0.311563014984131
brock200-2,0.266976118087769
frb40-19-4,0.925992012023926
frb50-23-5,1.89096808433533
p-hat300-1,0.0509920120239258
c-fat200-1,0.0253779888153076
frb53-24-2,2.19007587432861
frb53-24-5,2.10870099067688
frb45-21-1,1.18302416801453
san400-0-7-1,0.228214979171753
san400-0-7-3,0.216609954833984
p-hat300-1,0.0518031120300293
gen400-p0-9-65,0.266027927398682
brock800-2,0.679370164871216
johnson32-2-4,0.36628794670105
johnson8-4-4,0.0197949409484863
hamming8-4,0.0738508701324463
brock400-2,0.258179903030396
frb50-23-3,2.1990180015564
brock800-4,0.645663976669312
p-hat300-2,0.0773830413818359
frb35-17-4,0.480278015136719
p-hat1500-1,0.89731502532959
c-fat200-1,0.0570180416107178
c-fat200-5,0.0396840572357178
c-fat200-2,0.0287051200866699
hamming6-4,0.0200910568237305
gen400-p0-9-65,0.355373859405518
frb50-23-1,1.73011803627014
johnson16-2-4,0.0321719646453857
MANN-a9,0.0165798664093018
brock200-4,0.0909628868103027
frb59-26-5,3.11317801475525
frb59-26-3,3.12766098976135
frb59-26-3,3.50143480300903
frb40-19-2,1.1165668964386
frb45-21-4,1.42448997497559
san200-0-7-2,0.0578370094299316
frb30-15-3,0.32805609703064
gen400-p0-9-75,0.271342039108276
hamming6-4,0.0178170204162598
c-fat200-1,0.0285160541534424
p-hat300-2,0.0798211097717285
brock400-4,0.278036117553711
c-fat500-2,0.0805180072784424
frb53-24-4,2.17292714118958
frb50-23-3,1.70388698577881
frb45-21-2,1.13699293136597
p-hat1500-3,2.55837106704712
frb30-15-5,0.372323989868164
keller5,0.766553163528442
frb40-19-2,0.753062963485718
frb50-23-3,1.90313196182251
frb40-19-3,0.807904958724976
DSJC500-5,0.264630079269409
hamming8-2,0.101330995559692
p-hat1500-2,1.67357206344604
hamming6-2,0.0194389820098877
frb35-17-3,0.640720129013062
C2000-9,5.5927209854126
frb59-26-3,3.19835376739502
hamming6-4,0.0230989456176758
MANN-a9,0.0201101303100586
frb50-23-5,1.83643412590027
frb45-21-3,1.12589383125305
DSJC500-5,0.239989995956421
frb40-19-5,0.782388925552368
c-fat200-2,0.0277929306030273
johnson32-2-4,0.35846996307373
frb35-17-1,0.486948013305664
frb40-19-2,0.755172967910767
brock200-4,0.0512490272521973
frb40-19-4,0.741937160491943
hamming8-2,0.0986390113830566
frb30-15-1,0.283421039581299
frb53-24-2,2.18976020812988
frb59-26-2,3.12047290802002
C500-9,0.529468059539795
DSJC500-5,0.411855936050415
C4000-5,11.767639875412
hamming10-4,1.28141713142395
johnson32-2-4,0.352487087249756
p-hat1500-1,0.87673807144165
p-hat300-1,0.0473740100860596
C4000-5,11.8565649986267
frb59-26-4,3.00571608543396
C250-9,0.134336948394775
p-hat300-1,0.0489292144775391
frb59-26-5,3.02689599990845
gen400-p0-9-55,0.250139951705933
MANN-a45,1.53220701217651
frb50-23-1,1.66696786880493
C500-9,0.356214046478271
frb30-15-3,0.28364896774292
johnson8-4-4,0.019819974899292
C125-9,0.0341432094573975
frb45-21-5,1.16392111778259
C4000-5,11.8781108856201
frb35-17-1,0.465747117996216
johnson8-4-4,0.0204689502716064
frb35-17-3,0.465588092803955
p-hat300-2,0.284892082214355
frb59-26-4,3.23335385322571
hamming8-2,0.140377998352051
frb30-15-2,0.278491973876953
san200-0-7-2,0.0516290664672852
p-hat700-3,0.562554121017456
c-fat500-2,0.0497989654541016
frb30-15-2,0.282006025314331
gen400-p0-9-65,0.25133204460144
san400-0-5-1,0.191180944442749
frb30-15-4,0.282935857772827
frb50-23-2,1.65994095802307
frb45-21-3,1.11907291412354
frb50-23-5,1.70636796951294
brock800-2,0.629857063293457
brock200-2,0.0398051738739014
hamming8-4,0.0715830326080322
C2000-9,5.10560011863708
frb50-23-4,1.70573997497559
brock200-2,0.0399560928344727
brock800-2,0.629829883575439
frb30-15-5,0.288929224014282
DSJC500-5,0.188894033432007
san200-0-9-2,0.103836059570312
san200-0-9-2,0.0622310638427734
brock200-2,0.0430560111999512
p-hat700-3,0.561146020889282
san200-0-9-1,0.107050895690918
keller5,0.676897048950195
gen400-p0-9-75,0.250922918319702
brock200-4,0.078502893447876
C4000-5,11.7307839393616
johnson8-2-4,0.0163681507110596
frb59-26-4,3.00608992576599
c-fat200-5,0.0400469303131104
frb59-26-2,3.01891708374023
hamming6-4,0.0196361541748047
hamming6-2,0.0202751159667969
p-hat1500-2,1.78951621055603
keller6,14.546149969101
MANN-a27,0.362298011779785
frb50-23-4,1.90733909606934
frb30-15-1,0.29947304725647
hamming10-4,1.29864096641541
C4000-5,13.6391439437866
frb45-21-5,1.15896677970886
frb35-17-5,0.520474910736084
frb50-23-2,1.92861008644104
MANN-a27,0.314456939697266
frb59-26-4,3.20836496353149
san200-0-7-1,0.0600481033325195
san200-0-7-2,0.0576591491699219
c-fat200-2,0.0784571170806885
frb59-26-2,3.64228177070618
frb53-24-1,2.10602879524231
frb45-21-2,1.23163986206055
keller4,0.0421788692474365
gen400-p0-9-75,0.285502195358276
san200-0-9-3,0.164091110229492
keller6,15.7710771560669
hamming10-4,1.45801091194153
hamming6-2,0.0203418731689453
frb40-19-3,0.742754936218262
frb100-40,23.4338669776917
frb40-19-1,0.986488103866577
frb59-26-1,3.20475196838379
c-fat200-1,0.0261998176574707
frb30-15-4,0.290671825408936
frb53-24-4,2.08319902420044
johnson32-2-4,0.358552217483521
DSJC500-5,0.229346990585327
johnson32-2-4,0.351481914520264
san200-0-7-1,0.0994510650634766
C2000-5,3.02784299850464
p-hat1500-1,1.17957401275635
frb45-21-1,1.45024681091309
frb53-24-5,2.43828177452087
frb40-19-1,1.04575395584106
frb40-19-1,0.9287109375
gen400-p0-9-55,0.265455007553101
frb53-24-1,2.6660840511322
frb45-21-2,2.04155206680298
frb30-15-3,1.02179312705994
p-hat300-1,0.502511024475098
gen400-p0-9-65,0.59302282333374
c-fat200-5,0.0605270862579346
san400-0-7-2,0.402364015579224
frb40-19-1,0.8887779712677
hamming8-4,0.08333420753479
DSJC1000-5,0.916960954666138
frb30-15-2,0.3260338306427
c-fat200-2,0.0254788398742676
hamming8-2,0.119686841964722
gen200-p0-9-44,0.0659940242767334
frb50-23-1,1.98997211456299
frb59-26-1,3.26425099372864
frb35-17-4,0.675096988677979
brock800-4,0.687433004379272
p-hat300-1,0.0616638660430908
johnson32-2-4,0.487947940826416
keller4,0.22937798500061
p-hat700-1,0.454592943191528
hamming6-4,0.0307080745697021
gen200-p0-9-55,0.0891261100769043
frb59-26-3,4.80770707130432
MANN-a81,18.6017498970032
san1000,0.834967851638794
p-hat700-3,0.592647075653076
san400-0-5-1,0.18787693977356
p-hat300-2,0.316969871520996
frb45-21-2,1.28886198997498
p-hat300-3,0.109827995300293
brock400-2,0.22641396522522
p-hat700-3,0.573616981506348
frb45-21-1,1.30230593681335
frb40-19-1,0.750911951065063
MANN-a27,0.262454032897949
frb50-23-5,2.02608203887939
gen400-p0-9-75,0.258739948272705
frb50-23-4,1.70696187019348
san400-0-5-1,0.17310905456543
brock200-2,0.0538101196289062
san1000,0.833485126495361
hamming10-4,1.48615503311157
frb45-21-2,1.37399792671204
DSJC1000-5,0.858888149261475
C1000-9,1.5720739364624
frb59-26-2,3.45486903190613
hamming6-2,0.0207860469818115
frb40-19-1,0.935250997543335
frb50-23-5,1.89246916770935
c-fat500-5,0.0960700511932373
san200-0-9-3,0.13216495513916
C2000-5,3.23795700073242
c-fat200-5,0.0435390472412109
MANN-a81,17.6469759941101
C4000-5,12.5030691623688
frb45-21-3,1.17189407348633
johnson32-2-4,0.349201917648315
MANN-a27,0.250464916229248
gen200-p0-9-55,0.10666298866272
san200-0-7-1,0.0500578880310059
frb50-23-2,1.72511887550354
MANN-a45,1.57067799568176
frb53-24-5,2.171541929245
c-fat500-2,0.0522680282592773
C2000-5,3.0294132232666
frb59-26-2,3.23708295822144
gen400-p0-9-55,0.262953996658325
frb35-17-1,0.488210916519165
san200-0-7-2,0.0510728359222412
frb50-23-2,1.76953601837158
hamming6-2,0.0195550918579102
frb53-24-3,2.57885599136353
san400-0-7-1,0.215107917785645
frb50-23-2,1.93821597099304
C2000-9,5.90563702583313
brock200-2,0.0412600040435791
brock400-2,0.231827974319458
frb30-15-2,0.320382833480835
hamming6-4,0.0188491344451904
frb53-24-3,2.17203617095947
hamming8-2,0.102975845336914
brock800-4,0.689164161682129
C4000-5,12.3337211608887
frb53-24-5,2.70354604721069
frb35-17-4,0.613417863845825
frb59-26-5,3.68132400512695
brock800-2,0.654453039169312
p-hat1500-1,0.91923999786377
san400-0-7-3,0.186873912811279
frb35-17-2,0.509658098220825
frb45-21-5,1.18360805511475
johnson32-2-4,0.422712087631226
san200-0-7-1,0.0536999702453613
gen400-p0-9-55,0.271691799163818
p-hat700-2,0.403807163238525
keller6,13.3844799995422
p-hat1500-1,0.890383005142212
frb40-19-5,0.882618188858032
frb53-24-2,2.21211719512939
p-hat300-3,0.105155944824219
p-hat300-3,0.101943969726562
frb59-26-4,3.03795194625854
gen200-p0-9-55,0.0611379146575928
san200-0-9-2,0.0616488456726074
frb50-23-4,1.87628698348999
p-hat700-3,0.575816869735718
keller5,0.693981170654297
frb53-24-5,2.10576319694519
frb53-24-5,2.90442299842834
p-hat300-3,0.123349189758301
frb50-23-4,1.78534507751465
frb35-17-1,0.485623836517334
san400-0-5-1,0.132637977600098
frb45-21-1,1.37799501419067
frb40-19-3,1.16498398780823
frb45-21-3,1.47072887420654
c-fat500-5,0.124078035354614
san200-0-7-2,0.0673089027404785
frb40-19-1,0.877028942108154
frb35-17-4,0.477006912231445
frb40-19-2,1.00263094902039
brock400-2,0.180007934570312
frb40-19-3,0.771981954574585
p-hat700-1,0.237612962722778
san400-0-5-1,0.176660060882568
san400-0-7-3,0.174149990081787
san200-0-7-1,0.335344076156616
hamming8-2,0.110760927200317
hamming8-2,0.103487968444824
hamming8-2,0.2724289894104
DSJC1000-5,0.884231090545654
c-fat500-5,0.0846741199493408
hamming6-2,0.0217568874359131
frb35-17-2,0.685753107070923
p-hat300-2,0.078902006149292
c-fat500-2,0.0956578254699707
hamming8-4,0.0723659992218018
frb35-17-3,0.483325004577637
p-hat700-1,0.243185997009277
johnson8-4-4,0.0369980335235596
C2000-9,5.307776927948
brock200-2,0.0443480014801025
frb30-15-4,0.369026184082031
frb30-15-3,0.289906024932861
frb53-24-2,2.10098910331726
frb50-23-5,1.83146691322327
C4000-5,12.2176911830902
frb45-21-5,1.36928510665894
brock200-2,0.0431878566741943
frb45-21-4,1.13906311988831
MANN-a45,1.55535888671875
gen400-p0-9-75,0.273691177368164
frb59-26-2,3.32535290718079
frb40-19-5,0.742300033569336
C250-9,0.225879907608032
c-fat200-5,0.045447826385498
C125-9,0.330426931381226
frb50-23-3,1.82724094390869
c-fat200-2,0.0292959213256836
san200-0-9-1,0.113211870193481
brock200-4,0.0523619651794434
frb45-21-1,1.1459059715271
frb45-21-1,1.31267595291138
C125-9,0.0857930183410645
san200-0-9-1,0.0730938911437988
frb53-24-3,2.42135310173035
frb50-23-5,1.85969710350037
p-hat300-2,0.0833940505981445
brock400-4,0.245054960250854
frb59-26-3,3.26975893974304
C2000-5,3.02532601356506
frb53-24-1,2.12973809242249
frb50-23-5,1.9595160484314
frb45-21-3,1.34311699867249
c-fat200-5,0.0385520458221436
MANN-a9,0.0226790904998779
frb40-19-4,0.786865949630737
johnson32-2-4,0.391315937042236
frb45-21-5,1.34332704544067
san1000,0.815144062042236
san200-0-9-2,0.0837500095367432
frb59-26-1,3.14475393295288
p-hat300-3,0.108203887939453
san200-0-7-1,0.0909659862518311
brock200-4,0.0506241321563721
brock200-2,0.0413269996643066
frb45-21-5,1.17934393882751
frb35-17-1,0.543737888336182
keller5,0.771917104721069
c-fat500-1,0.247168064117432
johnson32-2-4,0.478741884231567
brock400-2,0.257019996643066
keller5,0.798312902450562
frb35-17-5,0.547944068908691
p-hat1500-2,1.88711810112
frb59-26-2,3.14735507965088
p-hat1500-3,3.03670287132263
p-hat300-1,0.0596039295196533
C2000-5,3.24141597747803
frb30-15-3,0.490524053573608
frb59-26-5,3.64856100082397
c-fat500-2,0.0484709739685059
frb59-26-5,3.33885097503662
p-hat700-2,0.429862022399902
hamming8-4,0.0740640163421631
c-fat200-1,0.0230200290679932
san200-0-9-1,0.106494188308716
frb30-15-5,0.28207802772522
frb100-40,24.572597026825
johnson8-2-4,0.0225770473480225
frb30-15-4,0.458709001541138
frb30-15-4,0.381539106369019
c-fat200-1,0.0274159908294678
DSJC500-5,0.275974035263062
p-hat1500-3,2.82909893989563
frb45-21-5,1.1873939037323
c-fat500-5,0.0850269794464111
frb30-15-4,0.330023050308228
frb40-19-5,0.768566846847534
frb50-23-5,1.75726413726807
frb45-21-2,1.11350393295288
frb53-24-4,2.06814098358154
johnson8-4-4,0.0196130275726318
c-fat200-5,0.0370159149169922
p-hat300-2,0.0722091197967529
frb59-26-4,3.14449286460876
p-hat700-1,0.200758934020996
frb59-26-5,3.37210917472839
c-fat500-1,0.0452151298522949
frb35-17-3,0.467133045196533
C250-9,0.0882349014282227
C1000-9,1.28201198577881
brock800-2,0.675295114517212
c-fat200-2,0.0265989303588867
san400-0-7-2,0.290920972824097
frb30-15-5,0.279353857040405
p-hat300-3,0.102465152740479
keller4,0.0432858467102051
C500-9,0.36346697807312
frb53-24-4,2.03616404533386
frb30-15-1,0.284325838088989
frb40-19-4,0.734556913375854
c-fat500-1,0.0446529388427734
gen200-p0-9-55,0.0590970516204834
san1000,0.804877042770386
c-fat200-1,0.0225319862365723
gen400-p0-9-65,0.474686861038208
C500-9,0.371275901794434
p-hat300-1,0.0489370822906494
hamming8-2,0.103375911712646
gen200-p0-9-44,0.117326974868774
frb30-15-5,0.299484968185425
C500-9,0.376085042953491
frb53-24-5,2.03235411643982
C125-9,0.0701260566711426
frb100-40,22.5477387905121
frb35-17-1,0.470443964004517
frb30-15-4,0.27916693687439
keller4,0.0402939319610596
frb35-17-2,0.470552206039429
frb35-17-2,0.617294073104858
C2000-9,5.16250395774841
san400-0-7-1,0.210242033004761
frb45-21-3,1.12064099311829
hamming10-4,1.37530183792114
frb45-21-2,1.11566686630249
frb35-17-1,0.465127944946289
MANN-a45,1.51846289634705
c-fat500-5,0.081467866897583
gen200-p0-9-44,0.147451162338257
c-fat500-5,0.0835230350494385
san400-0-7-2,0.2084801197052
p-hat700-1,0.244642019271851
frb59-26-1,3.01371502876282
C2000-5,2.89262700080872
brock200-2,0.0417439937591553
keller6,13.9721920490265
brock200-2,0.0423760414123535
C4000-5,14.5931489467621
hamming6-4,0.0181570053100586
frb30-15-1,0.282788038253784
p-hat300-2,0.119162082672119
san200-0-7-2,0.0490930080413818
brock400-2,0.227285146713257
hamming6-2,0.0188119411468506
frb59-26-2,3.36516904830933
frb30-15-4,0.468848943710327
DSJC1000-5,0.920914888381958
C2000-9,5.24206113815308
frb53-24-3,2.48780488967896
frb50-23-5,1.83667397499084
johnson8-2-4,0.0148119926452637
MANN-a45,1.65179800987244
frb30-15-3,0.312256097793579
san400-0-7-1,0.219960927963257
MANN-a45,1.58406901359558
c-fat500-2,0.0513160228729248
san400-0-7-3,0.229166030883789
keller5,0.706852912902832
brock800-4,0.725043058395386
brock400-4,0.23813009262085
gen200-p0-9-44,0.107081890106201
gen200-p0-9-44,0.0648009777069092
frb50-23-2,1.82432007789612
C4000-5,12.1182599067688
C500-9,0.362333059310913
johnson32-2-4,0.480558156967163
gen400-p0-9-75,0.25275182723999
brock400-4,0.218732118606567
DSJC500-5,0.23526406288147
C125-9,0.0325689315795898
frb59-26-3,2.99486398696899
gen400-p0-9-75,0.248454093933105
san400-0-7-3,0.208513975143433
frb35-17-2,0.562806129455566
gen400-p0-9-55,0.265002965927124
DSJC500-5,0.245007991790771
gen400-p0-9-65,0.266928911209106
brock800-4,0.631400108337402
c-fat500-5,0.33768892288208
p-hat1500-3,2.70315003395081
frb45-21-1,1.20596694946289
c-fat500-1,0.0421187877655029
frb35-17-3,0.473075866699219
keller5,0.708170890808105
san200-0-9-2,0.0602340698242188
san400-0-7-1,0.212624073028564
p-hat1500-2,1.98349690437317
frb53-24-4,2.28309392929077
c-fat500-1,0.0461189746856689
frb50-23-4,1.73542094230652
c-fat200-2,0.0280258655548096
frb30-15-1,0.306475877761841
p-hat1500-3,2.60832905769348
p-hat1500-2,1.71781802177429
frb45-21-1,1.13549184799194
frb59-26-5,3.44902086257935
hamming10-4,1.65539908409119
san400-0-7-2,0.240211963653564
frb30-15-3,0.369055032730103
c-fat200-2,0.0272479057312012
frb45-21-2,1.18024897575378
san400-0-7-2,0.19267201423645
frb59-26-5,4.92408800125122
frb30-15-1,0.671117067337036
keller6,15.6951429843903
c-fat200-1,0.0231449604034424
C4000-5,12.3891439437866
c-fat200-1,0.0239958763122559
c-fat200-2,0.0266990661621094
p-hat700-3,0.574576139450073
gen200-p0-9-44,0.108085155487061
C2000-9,5.30201411247253
MANN-a45,1.65864491462708
frb30-15-5,0.436192989349365
hamming10-4,1.35832405090332
frb40-19-3,0.779304027557373
frb35-17-4,0.484523057937622
frb35-17-1,0.696650981903076
frb100-40,22.8559339046478
frb59-26-4,3.58838295936584
hamming6-4,0.0302658081054688
frb53-24-3,2.78140902519226
frb40-19-1,1.00677990913391
san200-0-9-3,0.0757348537445068
DSJC500-5,0.323012113571167
brock800-2,0.728163957595825
frb53-24-1,2.14917588233948
c-fat500-1,0.0608370304107666
p-hat1500-3,2.60105299949646
MANN-a81,16.6390471458435
p-hat700-2,0.408159971237183
san1000,0.764974117279053
frb30-15-2,0.296849966049194
san200-0-9-3,0.125807046890259
gen400-p0-9-65,0.272787094116211
c-fat200-5,0.0481200218200684
san200-0-9-1,0.0918340682983398
san200-0-7-2,0.127716064453125
gen400-p0-9-65,0.265712976455688
frb59-26-5,3.03149008750916
c-fat500-1,0.0529100894927979
brock200-4,0.0599658489227295
p-hat700-2,0.40018105506897
MANN-a81,15.846626996994
C125-9,0.050462007522583
c-fat500-5,0.0972449779510498
san400-0-7-1,0.224196910858154
san200-0-7-2,0.065514087677002
frb40-19-3,0.761665821075439
san200-0-9-3,0.0734241008758545
C1000-9,1.38031506538391
frb40-19-2,0.75104808807373
frb45-21-4,1.14299082756042
johnson32-2-4,0.360265970230103
frb53-24-2,2.12404680252075
C1000-9,1.33707690238953
frb30-15-4,0.300234079360962
c-fat500-1,0.0816187858581543
frb35-17-1,0.486978054046631
keller6,13.1888959407806
DSJC500-5,0.326732873916626
keller4,0.0551879405975342
frb30-15-2,0.308104038238525
frb59-26-5,3.21483397483826
gen400-p0-9-75,0.261770963668823
p-hat1500-2,1.67675685882568
c-fat200-2,0.0381660461425781
frb40-19-5,0.750363111495972
MANN-a81,15.8685801029205
frb30-15-1,0.304003953933716
frb59-26-2,3.12871718406677
frb35-17-4,0.489705801010132
p-hat300-2,0.0946378707885742
san400-0-7-3,0.230165004730225
p-hat700-1,0.285961151123047
p-hat1500-3,2.42133402824402
p-hat300-3,0.116307020187378
keller4,0.0467910766601562
frb45-21-4,1.16854691505432
frb35-17-4,0.479382038116455
san200-0-7-2,0.319061994552612
frb40-19-5,0.800822019577026
hamming8-4,0.0848259925842285
frb59-26-3,2.98706293106079
C250-9,0.100222110748291
san400-0-7-3,0.230548143386841
p-hat700-3,0.602934122085571
frb53-24-4,2.03991293907166
c-fat500-2,0.0599110126495361
MANN-a81,15.7893979549408
frb45-21-2,1.13119912147522
p-hat700-2,0.575166940689087
MANN-a27,0.266677856445312
C1000-9,1.30970501899719
c-fat500-2,0.0607089996337891
frb50-23-4,1.71023488044739
MANN-a9,0.0179989337921143
C250-9,0.36000394821167
p-hat300-1,0.0639669895172119
frb53-24-4,2.16118097305298
c-fat200-2,0.0332400798797607
frb100-40,21.3525841236115
frb35-17-1,0.485185146331787
san400-0-7-2,0.222551107406616
gen400-p0-9-75,0.269099950790405
frb45-21-4,1.13318109512329
c-fat500-1,0.0571930408477783
DSJC1000-5,0.928937911987305
frb30-15-5,0.300599098205566
san200-0-7-1,0.0940830707550049
frb35-17-3,0.495598077774048
keller6,13.1722190380096
gen400-p0-9-75,0.268235921859741
c-fat500-1,0.100353002548218
san400-0-7-3,0.172038793563843
p-hat300-2,0.129387140274048
brock200-2,0.0555830001831055
hamming10-4,1.33094692230225
frb30-15-5,0.294579982757568
frb59-26-1,3.00633001327515
frb40-19-3,0.740887880325317
C2000-9,5.09628701210022
frb45-21-1,1.13930082321167
frb45-21-1,1.1593611240387
frb50-23-5,1.71670508384705
C1000-9,1.34552597999573
C250-9,0.102878093719482
C250-9,0.141252994537354
C1000-9,1.32856583595276
gen400-p0-9-55,0.391579866409302
brock400-2,0.231158971786499
p-hat700-3,0.569988012313843
san200-0-9-1,0.0723109245300293
frb35-17-3,0.481137037277222
C125-9,0.0385591983795166
hamming10-4,1.30855393409729
p-hat700-2,0.409075021743774
hamming10-4,1.30382299423218
frb40-19-4,0.74750804901123
johnson8-4-4,0.0276319980621338
gen400-p0-9-65,0.270830869674683
frb50-23-3,1.66243386268616
frb100-40,21.4662511348724
c-fat500-2,0.0668320655822754
san200-0-7-1,0.0696618556976318
p-hat300-1,0.120131969451904
frb53-24-5,2.06662392616272
frb40-19-5,0.746263027191162
frb59-26-2,3.03129410743713
frb45-21-5,1.13243913650513
frb40-19-3,0.90808892250061
brock400-2,0.226920127868652
frb50-23-4,1.701828956604
brock200-2,0.0480821132659912
c-fat500-5,0.0939898490905762
johnson8-4-4,0.0735828876495361
frb40-19-5,0.743149042129517
frb59-26-2,3.2046229839325
gen200-p0-9-44,0.0790610313415527
C500-9,0.369678974151611
DSJC1000-5,0.803406000137329
C2000-5,2.9302499294281
san200-0-9-1,0.126637935638428
johnson8-2-4,0.0169880390167236
c-fat200-5,0.0632081031799316
frb30-15-1,0.304604053497314
c-fat200-5,0.0954568386077881
san200-0-7-1,0.0770509243011475
frb45-21-3,1.1647961139679
keller6,13.2011361122131
frb30-15-5,0.299870014190674
frb40-19-1,0.770780086517334
hamming6-2,0.0200848579406738
hamming6-2,0.0241448879241943
hamming6-2,0.0178349018096924
frb40-19-4,0.778336048126221
gen400-p0-9-75,0.260608911514282
san1000,0.763975143432617
frb30-15-1,0.288631916046143
frb40-19-5,0.773561000823975
frb59-26-5,3.14317107200623
frb50-23-4,1.69078087806702
brock200-2,0.0492138862609863
MANN-a27,0.384472131729126
frb53-24-3,2.06256198883057
c-fat200-2,0.0339610576629639
c-fat200-2,0.0298919677734375
gen400-p0-9-55,0.272349119186401
p-hat300-3,0.136330842971802
frb50-23-4,1.68903589248657
DSJC1000-5,0.769197940826416
frb50-23-4,1.71815180778503
frb40-19-3,0.741659164428711
C2000-9,5.1227240562439
san400-0-5-1,0.145909070968628
hamming10-4,1.49699807167053
san200-0-9-1,0.0739901065826416
frb50-23-2,1.74368786811829
hamming10-4,1.44635391235352
frb50-23-4,1.68609714508057
frb50-23-1,1.82458186149597
frb30-15-5,0.298037052154541
frb59-26-3,2.98339891433716
hamming8-2,0.119997024536133
p-hat700-1,0.277531862258911
frb100-40,21.9588499069214
p-hat300-1,0.0645570755004883
gen200-p0-9-55,0.0717661380767822
frb53-24-2,2.08444404602051
C4000-5,11.7199828624725
san400-0-7-3,0.221089124679565
C2000-9,5.12019395828247
frb59-26-1,3.23143696784973
frb40-19-1,0.927702903747559
gen200-p0-9-55,0.283875942230225
frb45-21-5,1.13291001319885
frb35-17-4,0.47799015045166
frb53-24-2,2.26716208457947
p-hat1500-2,1.69779515266418
C1000-9,1.34900999069214
frb40-19-1,0.75037407875061
frb45-21-5,1.13548898696899
frb45-21-1,1.16755199432373
DSJC1000-5,0.769479990005493
frb30-15-3,0.299220085144043
san200-0-9-2,0.0756869316101074
san1000,0.773952960968018
frb53-24-1,2.10269999504089
san200-0-9-1,0.0721530914306641
frb35-17-5,0.477099895477295
keller5,0.726521015167236
hamming8-2,0.100820064544678
frb35-17-2,0.47832989692688
c-fat200-1,0.0291378498077393
brock800-2,0.647645950317383
C1000-9,1.34896206855774
san200-0-9-3,0.0747699737548828
brock400-4,0.306144952774048
C2000-5,2.882080078125
frb59-26-2,2.99996590614319
p-hat700-3,0.569128036499023
frb30-15-2,0.303402185440063
frb59-26-2,3.17107391357422
gen400-p0-9-55,0.264858961105347
p-hat300-2,0.0868220329284668
gen400-p0-9-65,0.271090984344482
frb40-19-2,0.787643194198608
frb35-17-3,0.484179019927979
DSJC500-5,0.246236085891724
johnson32-2-4,0.3714599609375
frb50-23-1,1.69975805282593
brock400-4,0.227484941482544
san400-0-7-1,0.217960119247437
frb53-24-5,2.09673810005188
c-fat200-2,0.0346231460571289
c-fat500-5,0.106626987457275
frb59-26-5,3.01351499557495
p-hat300-1,0.0599770545959473
johnson8-4-4,0.0716228485107422
frb59-26-3,3.03741788864136
frb30-15-4,0.294842958450317
keller6,13.3229720592499
san200-0-9-3,0.0723669528961182
p-hat700-1,0.258955001831055
frb53-24-5,2.18032097816467
san200-0-7-1,0.0864331722259521
frb30-15-1,0.504393815994263
gen400-p0-9-65,0.261304140090942
san200-0-7-2,0.0660121440887451
frb35-17-3,0.519771099090576
johnson32-2-4,0.538948059082031
p-hat700-3,0.815054893493652
MANN-a81,15.9590690135956
brock400-2,0.191704034805298
brock800-4,0.661025047302246
frb40-19-1,0.750477075576782
p-hat300-1,0.0584738254547119
frb40-19-3,0.760442018508911
MANN-a45,1.52848410606384
p-hat300-1,0.0558581352233887
frb50-23-1,1.69514203071594
frb45-21-3,1.30887603759766
frb45-21-5,1.14771199226379
hamming6-4,0.0279669761657715
p-hat300-3,0.193197011947632
frb100-40,21.4673249721527
brock400-4,0.229454040527344
frb50-23-3,1.79504704475403
frb40-19-2,0.922193050384521
C500-9,0.378939867019653
brock800-4,0.666634082794189
c-fat500-1,0.0648560523986816
frb50-23-3,1.6604630947113
p-hat300-3,0.116575956344604
frb30-15-1,0.551646947860718
johnson16-2-4,0.0412800312042236
C500-9,0.381357908248901
frb53-24-4,2.1346549987793
san200-0-9-3,0.0803811550140381
p-hat300-2,0.128424167633057
brock400-4,0.184118032455444
san400-0-5-1,0.182307004928589
frb50-23-3,1.66533803939819
frb53-24-4,2.09850120544434
san400-0-7-1,0.174646854400635
C4000-5,11.6580979824066
hamming10-4,1.28749895095825
C250-9,0.0981512069702148
DSJC500-5,0.230991125106812
frb50-23-1,1.74350905418396
frb40-19-2,0.910238027572632
frb35-17-2,0.485599040985107
frb53-24-3,2.04749011993408
frb100-40,21.4134221076965
C500-9,0.379926919937134
brock400-4,0.225363969802856
p-hat700-2,0.406416893005371
MANN-a9,0.0202319622039795
gen200-p0-9-55,0.338392972946167
johnson8-4-4,0.0203030109405518
frb45-21-5,1.13703203201294
c-fat500-2,0.0618979930877686
gen400-p0-9-55,0.30631685256958
hamming8-2,0.154674053192139
gen200-p0-9-55,0.0721111297607422
frb53-24-4,2.08768105506897
p-hat300-2,0.0877790451049805
frb35-17-2,0.474452018737793
san400-0-5-1,0.133296966552734
keller4,0.0966169834136963
p-hat700-3,0.601977109909058
san400-0-7-3,0.22065806388855
frb59-26-1,3.00170493125916
frb45-21-5,1.23136496543884
frb53-24-1,2.16576504707336
p-hat300-3,0.164081811904907
johnson8-4-4,0.0215191841125488
C1000-9,1.35020804405212
frb30-15-3,0.329767942428589
p-hat1500-1,0.872921943664551
p-hat700-2,0.409598112106323
frb30-15-5,0.29526686668396
frb30-15-3,0.299868106842041
frb53-24-3,2.07782912254333
frb45-21-2,1.1289701461792
brock400-2,0.27669095993042
C1000-9,1.29340219497681
MANN-a27,0.211503982543945
san200-0-9-1,0.152771949768066
brock800-4,0.637539148330688
frb50-23-5,1.67053198814392
hamming8-4,0.137810945510864
frb35-17-4,0.479511976242065
frb40-19-2,0.776238918304443
san1000,0.937702894210815
frb59-26-4,3.00544691085815
gen200-p0-9-55,0.0725719928741455
frb59-26-4,3.0316641330719
frb100-40,21.3502430915833
C2000-5,2.92723107337952
p-hat1500-1,0.879867076873779
p-hat1500-2,1.81557989120483
hamming6-4,0.0221068859100342
keller6,13.1283619403839
frb100-40,21.274199962616
san200-0-7-1,0.055840015411377
frb30-15-4,0.292914152145386
frb30-15-4,0.293407917022705
brock400-2,0.407973051071167
gen200-p0-9-44,0.0706238746643066
san400-0-5-1,0.218264818191528
frb30-15-4,0.293340921401978
frb40-19-4,0.775243043899536
p-hat300-1,0.0554959774017334
frb59-26-3,2.99993801116943
frb53-24-4,2.08185815811157
frb30-15-5,0.304667949676514
hamming8-4,0.0851340293884277
hamming6-4,0.0230228900909424
gen400-p0-9-65,0.287600040435791
frb59-26-3,3.03206491470337
frb50-23-4,1.79838585853577
p-hat300-3,0.122098922729492
johnson16-2-4,0.0399410724639893
hamming10-4,1.29546499252319
frb30-15-3,0.318890810012817
p-hat700-3,0.576194047927856
p-hat300-2,0.0840969085693359
san200-0-7-2,0.066493034362793
c-fat200-1,0.0818350315093994
DSJC1000-5,0.814378976821899
frb45-21-1,1.17840194702148
san200-0-9-2,0.081104040145874
san200-0-9-3,0.331784009933472
C125-9,0.0367460250854492
frb30-15-5,0.300518035888672
brock200-4,0.0592939853668213
frb50-23-2,1.97701597213745
p-hat300-3,0.190054178237915
MANN-a9,0.0194699764251709
brock200-4,0.0638270378112793
frb45-21-3,1.16705894470215
p-hat300-2,0.0828258991241455
frb45-21-2,1.13579201698303
san200-0-7-1,0.0623860359191895
keller5,0.711865186691284
san200-0-9-1,0.0753939151763916
san1000,0.779948949813843
frb40-19-4,0.773943901062012
MANN-a81,15.7997670173645
DSJC500-5,0.239485025405884
p-hat1500-1,0.88293981552124
frb45-21-1,1.15435099601746
gen400-p0-9-55,0.290764093399048
gen200-p0-9-55,0.287050008773804
gen400-p0-9-75,0.235213041305542
frb59-26-5,3.00068402290344
san400-0-7-2,0.297374963760376
frb30-15-1,0.298941135406494
san200-0-9-1,0.0729720592498779
san1000,0.773533821105957
frb30-15-5,0.297026872634888
c-fat500-2,0.0637240409851074
C125-9,0.0401010513305664
frb53-24-4,2.11055207252502
san200-0-7-1,0.0632750988006592
p-hat700-1,0.254724025726318
keller4,0.0499031543731689
frb40-19-2,0.743204832077026
frb35-17-3,0.479273080825806
frb30-15-4,0.326365947723389
frb59-26-5,3.00735211372375
C1000-9,1.3758111000061
DSJC500-5,0.24341607093811
keller4,0.0498819351196289
frb40-19-2,0.795535087585449
frb100-40,21.1398870944977
frb50-23-3,1.68877100944519
frb45-21-5,1.13314485549927
keller6,13.2780020236969
C500-9,0.379239082336426
frb40-19-2,0.747824192047119
brock200-4,0.0595300197601318
frb53-24-3,2.08629894256592
gen400-p0-9-75,0.270692825317383
san1000,0.795580148696899
frb30-15-4,0.295033931732178
p-hat1500-1,0.884443044662476
frb40-19-3,0.744744062423706
c-fat500-5,0.0928659439086914
DSJC500-5,0.241987943649292
frb53-24-3,2.08661603927612
san200-0-7-2,0.0642499923706055
san400-0-7-3,0.223349094390869
frb35-17-3,0.473797798156738
san400-0-7-2,0.218560934066772
p-hat1500-3,2.41061305999756
frb35-17-4,0.477922916412354
frb35-17-1,0.474935054779053
frb45-21-5,1.17137598991394
C500-9,0.373800039291382
C4000-5,11.567330121994
p-hat300-2,0.107998847961426
brock400-2,0.235290050506592
brock800-4,0.63799786567688
frb40-19-3,0.811953067779541
brock800-2,0.648149013519287
C1000-9,1.29798197746277
frb35-17-4,0.476148843765259
johnson8-2-4,0.0171799659729004
san200-0-9-3,0.0698070526123047
c-fat200-2,0.0361039638519287
frb50-23-5,1.69974708557129
san200-0-7-1,0.0593929290771484
c-fat200-5,0.228851079940796
brock200-4,0.136178016662598
frb35-17-3,0.482661008834839
frb45-21-1,1.36320185661316
hamming10-4,1.28882503509521
keller6,13.3032891750336
C250-9,0.105481863021851
frb59-26-3,2.97039294242859
san400-0-7-1,0.224117040634155
frb45-21-4,1.18395900726318
frb53-24-3,2.05776906013489
MANN-a9,0.0201790332794189
frb30-15-1,0.291628122329712
frb50-23-3,1.65638303756714
san200-0-9-1,0.0744969844818115
frb45-21-4,1.30012392997742
frb40-19-4,0.778810024261475
p-hat300-1,0.0603108406066895
frb59-26-5,2.97764086723328
c-fat500-1,0.0555779933929443
gen200-p0-9-44,0.0719950199127197
frb50-23-1,1.76449418067932
hamming8-4,0.0946249961853027
gen400-p0-9-75,0.26103401184082
san200-0-7-2,0.105154991149902
san400-0-5-1,0.136882066726685
C125-9,0.0347831249237061
frb50-23-1,1.81400299072266
keller5,0.723172187805176
hamming10-4,1.27144718170166
johnson8-4-4,0.0270798206329346
p-hat300-2,0.171630859375
hamming8-4,0.0820319652557373
gen400-p0-9-55,0.472416877746582
san400-0-7-2,0.228806972503662
hamming8-4,0.164517879486084
johnson32-2-4,0.358669996261597
brock200-2,0.0523011684417725
hamming10-4,1.30255699157715
keller6,13.1367018222809
C2000-9,5.2053439617157
p-hat1500-3,2.49976205825806
frb53-24-5,2.11752986907959
brock200-4,0.0685369968414307
frb50-23-3,1.68655204772949
frb35-17-3,0.475760936737061
C500-9,0.372694969177246
san200-0-9-2,0.12218189239502
frb40-19-3,0.802905082702637
frb59-26-3,2.96940898895264
hamming6-4,0.0202219486236572
c-fat200-2,0.0381159782409668
p-hat700-3,0.567689895629883
frb59-26-2,3.02856206893921
p-hat1500-2,1.68013191223145
c-fat500-1,0.0553739070892334
frb30-15-4,0.300638914108276
hamming8-4,0.0814559459686279
frb30-15-5,0.314633131027222
san400-0-7-2,0.226837873458862
C125-9,0.0376801490783691
p-hat700-2,0.411645174026489
san200-0-9-2,0.0688550472259521
frb50-23-4,1.68631410598755
frb100-40,21.4248909950256
san400-0-7-1,0.179139137268066
brock400-2,0.229321002960205
MANN-a45,1.52953386306763
san1000,0.814462900161743
san200-0-9-2,0.0703160762786865
frb40-19-5,0.741343975067139
brock200-4,0.0605568885803223
san400-0-7-2,0.226824998855591
p-hat1500-1,0.880137920379639
c-fat200-2,0.0344769954681396
frb50-23-4,1.71964907646179
C2000-9,5.2080090045929
frb30-15-5,0.299849987030029
san400-0-7-1,0.221415996551514
frb45-21-3,1.12784099578857
C250-9,0.142482042312622
frb50-23-5,1.70331192016602
johnson16-2-4,0.034574031829834
frb30-15-3,0.306084156036377
frb53-24-1,2.08341717720032
frb59-26-1,3.00542902946472
c-fat500-5,0.0925159454345703
johnson8-2-4,0.0193648338317871
frb53-24-1,2.14267301559448
p-hat700-2,0.402228116989136
p-hat700-1,0.214676141738892
frb45-21-4,1.21006608009338
MANN-a45,1.55706286430359
johnson16-2-4,0.0320110321044922
san400-0-7-2,0.181895017623901
C2000-9,5.29483199119568
DSJC500-5,0.245374917984009
frb35-17-5,0.475061893463135
C125-9,0.0375170707702637
johnson8-4-4,0.0219230651855469
frb40-19-3,0.781452894210815
gen400-p0-9-55,0.273733854293823
gen400-p0-9-55,0.254332065582275
keller5,0.692663192749023
C1000-9,1.34923505783081
DSJC1000-5,0.770929098129272
san200-0-7-2,0.0691349506378174
hamming6-2,0.0238559246063232
brock800-2,0.693730115890503
gen200-p0-9-55,0.0741748809814453
frb30-15-3,0.302125215530396
c-fat500-1,0.101631879806519
p-hat700-1,0.255897045135498
MANN-a9,0.0661821365356445
frb59-26-2,2.981684923172
DSJC500-5,0.243685007095337
gen200-p0-9-44,0.0693190097808838
johnson8-4-4,0.0237329006195068
gen200-p0-9-44,0.122152805328369
DSJC500-5,0.293061971664429
frb50-23-3,1.66392183303833
frb59-26-1,3.01438593864441
san400-0-7-1,0.178467988967896
brock800-2,0.725183010101318
MANN-a45,1.52817988395691
san400-0-7-2,0.174834012985229
san1000,0.778002023696899
frb45-21-5,1.19892406463623
gen400-p0-9-75,0.268270015716553
frb40-19-1,0.742863893508911
frb45-21-2,1.29832196235657
DSJC1000-5,0.752464056015015
san200-0-7-1,0.056516170501709
p-hat1500-3,2.46396493911743
MANN-a81,15.6246609687805
san200-0-9-1,0.25831413269043
frb35-17-2,0.500362157821655
gen200-p0-9-44,0.0729479789733887
C4000-5,11.6393489837646
C4000-5,11.6899960041046
johnson8-4-4,0.0209560394287109
MANN-a27,0.269345998764038
c-fat500-2,0.1456458568573
san200-0-7-1,0.0656921863555908
keller6,13.2176220417023
c-fat500-5,0.15713095664978
san400-0-7-2,0.180402994155884
MANN-a81,15.7558739185333
MANN-a81,15.7674350738525
frb59-26-5,3.03659319877625
frb35-17-4,0.478667020797729
p-hat1500-1,0.910176038742065
gen200-p0-9-44,0.0734269618988037
johnson8-2-4,0.0166728496551514
frb35-17-4,0.496225833892822
frb30-15-3,0.293911933898926
frb40-19-4,0.790364980697632
c-fat200-2,0.0333189964294434
frb59-26-5,3.02359700202942
frb35-17-5,0.478576898574829
frb30-15-4,0.289494037628174
C2000-9,5.08211088180542
p-hat700-1,0.295324087142944
MANN-a9,0.0166120529174805
gen200-p0-9-55,0.0748980045318604
frb30-15-4,0.300738096237183
brock200-4,0.0561349391937256
johnson32-2-4,0.439616918563843
p-hat700-1,0.252803087234497
C125-9,0.036870002746582
san200-0-9-2,0.0843741893768311
p-hat300-2,0.133879899978638
johnson16-2-4,0.0562400817871094
san1000,0.778915166854858
frb50-23-1,1.71136689186096
frb35-17-5,0.477579116821289
san1000,0.764364957809448
frb53-24-1,2.06424188613892
frb30-15-2,0.298031091690063
p-hat1500-2,1.65704798698425
frb35-17-3,0.510456085205078
johnson32-2-4,0.369071006774902
brock400-2,0.287815809249878
p-hat300-3,0.161213159561157
C500-9,0.368048906326294
frb45-21-2,1.13484406471252
brock400-2,0.18604588508606
C4000-5,11.6638638973236
C250-9,0.105248928070068
frb59-26-4,3.01383209228516
san400-0-7-1,0.2240149974823
c-fat200-1,0.0326170921325684
brock200-2,0.0905461311340332
san200-0-9-2,0.0754580497741699
MANN-a27,0.474447965621948
MANN-a45,1.54034280776978
keller6,13.2083780765533
gen400-p0-9-55,0.27189302444458
hamming10-4,1.25810408592224
frb50-23-1,1.72899794578552
brock200-2,0.101960897445679
brock400-2,0.233800172805786
c-fat200-1,0.0242111682891846
p-hat700-2,0.409850120544434
frb59-26-3,3.00254702568054
brock400-2,0.23194408416748
C1000-9,1.31219077110291
keller4,0.0741958618164062
frb53-24-1,2.07468795776367
san200-0-9-1,0.0732691287994385
frb35-17-2,0.470590114593506
C125-9,0.0434439182281494
MANN-a45,1.54888987541199
san200-0-9-2,0.0980689525604248
frb30-15-2,0.299190044403076
frb40-19-1,0.749068021774292
p-hat300-2,0.165489912033081
frb35-17-2,0.480815172195435
frb50-23-3,1.86471104621887
frb50-23-4,1.70316982269287
p-hat700-2,0.57715916633606
p-hat1500-1,0.88850998878479
frb53-24-1,2.0944459438324
DSJC500-5,0.203060865402222
frb45-21-3,1.13599491119385
san200-0-9-3,0.287998914718628
frb50-23-2,1.70678782463074
frb40-19-2,0.769202947616577
brock200-2,0.0522708892822266
frb59-26-3,2.99400997161865
c-fat200-5,0.0718569755554199
johnson16-2-4,0.0472838878631592
san400-0-5-1,0.177829027175903
gen200-p0-9-55,0.0740158557891846
gen400-p0-9-75,0.265001058578491
p-hat300-2,0.0871469974517822
san400-0-7-2,0.220577001571655
frb35-17-5,0.474517107009888
frb53-24-3,2.07658505439758
C2000-9,5.2230110168457
frb50-23-3,1.70167016983032
san200-0-9-1,0.0778369903564453
keller4,0.0945000648498535
DSJC1000-5,0.929351091384888
frb45-21-2,1.12951612472534
frb35-17-5,0.473444938659668
frb59-26-5,2.99360108375549
frb53-24-2,2.04002213478088
san400-0-7-1,0.18071985244751
c-fat500-2,0.0985331535339355
frb53-24-5,2.11828684806824
p-hat700-2,0.408066987991333
frb45-21-1,1.12255787849426
c-fat500-5,0.124737024307251
san200-0-7-2,0.110474109649658
frb59-26-4,3.03135704994202
hamming8-2,0.109493970870972
frb50-23-4,1.73032402992249
frb53-24-3,2.0464231967926
frb59-26-1,3.14819598197937
p-hat300-2,0.0923049449920654
frb53-24-4,2.10851311683655
C1000-9,1.33867287635803
frb59-26-1,3.01972389221191
C500-9,0.372577905654907
frb40-19-1,0.74445104598999
frb53-24-4,2.11955285072327
p-hat1500-1,0.892297983169556
C125-9,0.0384371280670166
c-fat200-5,0.106389999389648
keller4,0.0451841354370117
frb45-21-4,1.26632285118103
gen200-p0-9-44,0.0675859451293945
frb35-17-5,0.475307941436768
frb45-21-1,1.11723804473877
gen400-p0-9-75,0.296816825866699
brock400-2,0.234609127044678
hamming6-4,0.0194010734558105
MANN-a9,0.0214800834655762
c-fat500-2,0.0670208930969238
c-fat500-2,0.0619308948516846
MANN-a45,1.5596969127655
hamming8-4,0.0862259864807129
frb40-19-5,0.779181003570557
san400-0-7-2,0.221192836761475
frb59-26-3,3.01563096046448
frb35-17-1,0.472615003585815
p-hat1500-1,0.881286859512329
brock400-4,0.234040975570679
frb35-17-5,0.474984884262085
san200-0-9-2,0.113873958587646
p-hat1500-3,2.5197639465332
frb59-26-4,3.14868593215942
p-hat300-1,0.0660040378570557
frb50-23-1,1.72793698310852
hamming6-2,0.0192818641662598
johnson16-2-4,0.304679155349731
san200-0-9-2,0.0736989974975586
frb53-24-5,2.22146487236023
keller4,0.0501220226287842
frb59-26-4,2.99828004837036
MANN-a27,0.261894941329956
frb40-19-2,0.75402307510376
C250-9,0.0985379219055176
frb45-21-3,1.28696990013123
frb40-19-5,0.746704816818237
c-fat500-1,0.0523741245269775
C4000-5,12.0596039295197
san400-0-7-2,0.223536014556885
brock200-2,0.051793098449707
san200-0-9-2,0.0707190036773682
p-hat1500-2,1.80047297477722
johnson8-4-4,0.026447057723999
frb35-17-2,0.485068082809448
DSJC1000-5,0.766808032989502
p-hat1500-2,1.70207381248474
gen400-p0-9-65,0.270376920700073
frb53-24-5,2.05715394020081
frb40-19-5,0.806695938110352
frb59-26-2,2.98186206817627
keller5,0.686095952987671
frb45-21-1,1.16687488555908
DSJC1000-5,0.788825988769531
frb50-23-5,1.65935802459717
frb40-19-3,0.769978046417236
C125-9,0.0610668659210205
C1000-9,1.30731415748596
p-hat700-3,0.585376024246216
C2000-9,5.11575293540955
frb53-24-5,2.05339598655701
keller4,0.0516278743743896
frb59-26-1,3.39050102233887
frb59-26-5,2.99849390983582
frb50-23-2,1.67668700218201
MANN-a81,16.0122759342194
frb45-21-3,1.2677149772644
frb40-19-5,0.741915941238403
frb50-23-2,1.69010710716248
hamming8-2,0.114399194717407
frb50-23-5,1.6707010269165
frb40-19-1,0.754857063293457
keller5,0.824883937835693
frb30-15-1,0.299730062484741
C250-9,0.1509108543396
san400-0-5-1,0.207144975662231
frb50-23-3,1.66957378387451
gen200-p0-9-44,0.0766220092773438
frb53-24-2,2.06818103790283
MANN-a9,0.0221521854400635
frb53-24-4,2.07451009750366
keller5,0.690509080886841
MANN-a27,0.256872892379761
C2000-5,3.06089806556702
c-fat200-5,0.0945680141448975
frb45-21-4,1.14061498641968
frb45-21-4,1.16130495071411
frb30-15-3,0.291667938232422
frb45-21-3,1.25774908065796
frb30-15-2,0.319893836975098
frb45-21-4,1.38484787940979
hamming10-4,1.29021096229553
C2000-5,2.91940689086914
brock200-4,0.104943037033081
frb45-21-4,1.3618221282959
p-hat1500-1,0.964975833892822
frb45-21-2,1.15388011932373
p-hat700-3,0.595696926116943
frb53-24-3,2.05920600891113
frb45-21-2,1.34054899215698
frb50-23-4,1.68429493904114
MANN-a27,0.213078022003174
C2000-5,2.93088603019714
johnson16-2-4,0.0338270664215088
brock800-2,0.673764944076538
c-fat200-2,0.252362966537476
frb50-23-3,1.69171190261841
johnson8-4-4,0.0243959426879883
frb50-23-2,1.67953300476074
johnson8-2-4,0.0174801349639893
hamming8-2,0.14043402671814
brock800-2,0.646397829055786
C500-9,0.380824089050293
keller6,13.6239190101624
hamming8-2,0.177371025085449
p-hat700-2,0.436017990112305
brock800-4,0.645013093948364
p-hat300-3,0.143579959869385
c-fat200-5,0.0506229400634766
frb30-15-2,0.299030065536499
C500-9,0.387647867202759
frb35-17-2,0.475254058837891
san400-0-5-1,0.173010110855103
C250-9,0.103003978729248
frb53-24-2,2.10170912742615
C2000-5,2.91124606132507
frb53-24-2,2.18169212341309
C4000-5,11.6988270282745
johnson16-2-4,0.303570985794067
p-hat300-2,0.124175071716309
c-fat500-1,0.0570881366729736
gen400-p0-9-65,0.266073942184448
hamming10-4,1.42455911636353
gen400-p0-9-65,0.268018007278442
frb40-19-4,0.747305154800415
frb45-21-5,1.13082695007324
gen200-p0-9-44,0.0792169570922852
gen400-p0-9-65,0.302864074707031
johnson32-2-4,0.365075826644897
frb40-19-1,0.789799928665161
frb35-17-5,0.590680122375488
brock400-2,0.241278171539307
hamming10-4,1.39968299865723
hamming8-4,0.154268980026245
DSJC1000-5,0.848231077194214
keller4,0.0562660694122314
hamming6-4,0.0304319858551025
johnson32-2-4,0.484534025192261
C250-9,0.132755994796753
frb59-26-3,3.37435078620911
san200-0-9-2,0.100106954574585
frb50-23-3,1.91711020469666
DSJC500-5,0.316122055053711
san200-0-7-1,0.146337985992432
frb59-26-4,3.15601897239685
gen400-p0-9-75,0.295253992080688
C125-9,0.0897128582000732
p-hat1500-1,0.887420892715454
hamming6-4,0.0230269432067871
frb59-26-3,3.04211091995239
C1000-9,1.34897589683533
frb53-24-5,2.06965899467468
johnson8-4-4,0.0271499156951904
san200-0-7-1,0.0645580291748047
johnson8-4-4,0.0244951248168945
frb35-17-3,0.513836860656738
san400-0-7-3,0.218509197235107
frb35-17-3,0.621456861495972
C2000-9,5.90553998947144
C4000-5,13.8491930961609
p-hat1500-3,3.37982201576233
frb50-23-3,2.22548699378967
frb59-26-3,3.55040001869202
gen200-p0-9-44,0.0894889831542969
san200-0-9-1,0.0929892063140869
gen200-p0-9-44,0.183928966522217
frb40-19-4,0.889950037002563
MANN-a81,19.580157995224
C250-9,0.356280088424683
p-hat300-2,0.109267950057983
frb59-26-2,3.90911316871643
c-fat500-5,0.104429006576538
MANN-a9,0.0213930606842041
gen200-p0-9-44,0.0936539173126221
frb59-26-1,3.76748895645142
san400-0-7-2,0.243238925933838
frb50-23-4,2.10510206222534
frb50-23-1,2.17150688171387
frb50-23-1,2.0694580078125
san200-0-7-2,0.0772049427032471
brock200-4,0.0657711029052734
brock800-4,0.80810284614563
c-fat500-5,0.168966054916382
p-hat1500-2,2.11270093917847
MANN-a81,19.5393381118774
frb35-17-1,0.534534931182861
frb53-24-3,2.39180016517639
hamming8-4,0.12374210357666
brock400-4,0.307173013687134
frb59-26-5,3.59368896484375
hamming8-2,0.135622024536133
frb45-21-3,1.40464210510254
c-fat200-1,0.0309767723083496
c-fat200-1,0.0406889915466309
frb45-21-1,1.59069514274597
frb35-17-1,0.583461999893188
frb53-24-1,2.4102029800415
frb53-24-2,2.44936895370483
frb30-15-1,0.349616050720215
p-hat1500-2,2.10384488105774
frb35-17-1,0.593142986297607
gen200-p0-9-44,0.0873081684112549
p-hat300-3,0.414932012557983
frb53-24-3,2.44937920570374
brock800-2,0.775038957595825
brock800-4,0.76432204246521
p-hat1500-3,3.07393097877502
frb53-24-1,2.82693409919739
frb53-24-4,2.54133605957031
MANN-a81,18.9167399406433
frb35-17-4,0.647047996520996
C2000-9,6.14522409439087
frb45-21-4,1.46452188491821
c-fat200-5,0.388095140457153
hamming6-2,0.0281569957733154
c-fat200-5,0.0656449794769287
frb53-24-4,2.77709984779358
frb53-24-2,2.55674886703491
frb53-24-5,2.48593807220459
johnson8-4-4,0.0293269157409668
c-fat500-2,0.166412115097046
keller5,0.853518009185791
frb59-26-2,3.67667889595032
C2000-5,3.6354649066925
c-fat200-2,0.0394790172576904
johnson8-2-4,0.021359920501709
frb59-26-5,3.67179584503174
san1000,0.972057104110718
frb35-17-2,0.61724591255188
brock200-4,0.363755941390991
frb40-19-2,0.901646137237549
frb53-24-5,2.53998303413391
johnson32-2-4,0.425359010696411
p-hat300-3,0.172350168228149
frb40-19-4,0.949938058853149
DSJC1000-5,0.985563993453979
gen400-p0-9-75,0.310853958129883
frb53-24-1,2.5358190536499
frb45-21-1,1.32502198219299
hamming6-2,0.0287978649139404
p-hat1500-3,3.0292649269104
frb45-21-3,1.38728308677673
MANN-a9,0.023036003112793
brock400-4,0.278735876083374
frb59-26-4,3.64369201660156
frb50-23-2,2.25305485725403
frb59-26-1,3.73751997947693
frb40-19-3,0.931704044342041
frb53-24-5,2.51362681388855
brock800-4,0.831949949264526
hamming6-2,0.0254678726196289
p-hat1500-2,2.16696190834045
san400-0-7-3,0.250241041183472
frb53-24-1,2.41245007514954
MANN-a45,1.85300493240356
gen200-p0-9-44,0.0807530879974365
frb45-21-3,1.50559782981873
brock400-2,0.223493814468384
p-hat700-2,0.584100008010864
keller4,0.119218111038208
p-hat300-1,0.0980989933013916
frb50-23-4,1.97061896324158
frb59-26-4,3.40271902084351
hamming8-2,0.221879005432129
frb59-26-2,3.67101502418518
MANN-a27,0.302906036376953
frb40-19-4,1.05651307106018
frb53-24-2,2.79895186424255
san1000,1.20938611030579
san200-0-7-1,0.0674340724945068
c-fat200-1,0.0820488929748535
frb35-17-2,0.662482023239136
frb35-17-1,0.584705114364624
san200-0-7-2,0.0722618103027344
c-fat200-1,0.0319240093231201
c-fat200-1,0.131448984146118
C4000-5,15.9836919307709
brock800-2,0.830619096755981
frb35-17-3,0.624921083450317
hamming8-2,0.406033992767334
frb40-19-1,0.959345817565918
p-hat700-2,0.683259010314941
p-hat300-3,0.18638801574707
frb53-24-5,2.72783303260803
frb30-15-5,0.354247093200684
MANN-a81,19.7418341636658
c-fat200-5,0.114815950393677
frb50-23-5,2.08384394645691
johnson16-2-4,0.0966629981994629
frb40-19-4,0.877618074417114
brock800-4,0.726580142974854
brock400-2,0.268971920013428
san200-0-9-1,0.126868009567261
frb53-24-1,2.4847149848938
frb50-23-3,2.11613512039185
p-hat300-3,0.134348154067993
frb59-26-3,3.67036199569702
c-fat500-2,0.0718729496002197
hamming10-4,1.52601504325867
p-hat300-3,0.138963937759399
gen400-p0-9-65,0.321563959121704
frb45-21-3,1.50927186012268
frb40-19-4,0.921854019165039
frb35-17-5,0.665759086608887
san200-0-9-3,0.0875940322875977
san400-0-7-2,0.283381938934326
MANN-a45,1.81941103935242
keller4,0.0627939701080322
keller4,0.0652821063995361
brock200-2,0.0656371116638184
frb50-23-2,2.10299587249756
p-hat700-3,0.675250053405762
brock400-4,0.323783159255981
frb50-23-4,2.07362008094788
frb45-21-4,1.45615696907043
C1000-9,1.6430139541626
frb30-15-5,0.38521409034729
frb100-40,26.9156091213226
johnson16-2-4,0.0961639881134033
c-fat200-2,0.0410220623016357
hamming8-2,0.194975852966309
frb40-19-5,0.975229024887085
frb53-24-3,2.52641201019287
frb35-17-2,0.903765916824341
p-hat700-1,0.293122053146362
hamming6-2,0.0292420387268066
frb40-19-4,0.957427978515625
frb35-17-5,0.776360034942627
C2000-5,3.5958309173584
frb40-19-3,0.866523027420044
frb45-21-2,1.37645506858826
frb40-19-5,0.869063854217529
c-fat500-1,0.0617971420288086
p-hat1500-1,1.32936406135559
johnson8-2-4,0.0203449726104736
frb53-24-1,2.56459307670593
C250-9,0.122876167297363
frb30-15-3,0.357807159423828
san400-0-5-1,0.171664953231812
MANN-a81,20.7443242073059
frb30-15-3,0.400048971176147
frb35-17-4,0.547070026397705
frb30-15-5,0.345809936523438
brock400-4,0.306699991226196
frb50-23-2,2.21436405181885
p-hat700-2,0.454452991485596
frb40-19-2,0.934705972671509
frb35-17-1,0.552059888839722
johnson8-2-4,0.0185921192169189
frb59-26-5,4.30398011207581
gen400-p0-9-75,0.314329147338867
C500-9,0.456094980239868
hamming8-2,0.212011098861694
hamming6-4,0.0300891399383545
frb40-19-2,0.959028959274292
san200-0-9-3,0.088839054107666
DSJC1000-5,0.966120004653931
frb35-17-2,0.590278148651123
frb53-24-2,2.4030339717865
frb30-15-3,0.338402986526489
gen200-p0-9-44,0.0840499401092529
frb59-26-3,3.72469401359558
p-hat300-1,0.347116947174072
frb40-19-2,0.888327836990356
frb40-19-2,0.960106134414673
hamming8-2,0.125911951065063
p-hat1500-3,3.01218318939209
C2000-5,3.66588187217712
san200-0-7-2,0.0704019069671631
DSJC500-5,0.298608779907227
frb40-19-5,0.870954990386963
frb50-23-4,2.02513599395752
brock800-4,0.755643844604492
san400-0-7-3,0.230231046676636
keller6,15.9745209217072
frb59-26-4,4.02148008346558
gen400-p0-9-55,0.306956052780151
frb50-23-5,2.27052903175354
johnson8-2-4,0.0199811458587646
c-fat500-5,0.113640069961548
p-hat1500-2,2.24714803695679
c-fat200-1,0.0923609733581543
brock800-4,0.857264995574951
brock200-2,0.0576200485229492
C2000-5,3.83194518089294
brock800-4,0.807648897171021
frb100-40,26.6271789073944
c-fat200-1,0.0507431030273438
hamming10-4,1.6733500957489
frb45-21-4,1.48406386375427
frb35-17-5,0.556945085525513
johnson8-4-4,0.0269138813018799
frb30-15-4,0.39003586769104
san400-0-7-3,0.244377136230469
C2000-5,3.50093102455139
p-hat700-3,0.675076961517334
frb30-15-3,0.410681962966919
frb53-24-2,2.58746695518494
p-hat1500-3,3.71403908729553
brock400-4,0.297729969024658
frb30-15-1,0.350744962692261
hamming8-4,0.158726930618286
frb35-17-1,0.599180936813354
frb35-17-4,0.574184894561768
gen200-p0-9-55,0.180611133575439
frb59-26-4,3.61023616790771
frb40-19-5,0.967879056930542
brock800-2,0.774452924728394
frb100-40,28.5079829692841
c-fat200-5,0.0543880462646484
c-fat200-5,0.0637941360473633
brock800-2,0.786336898803711
brock800-4,0.887251138687134
san200-0-9-3,0.127341985702515
frb59-26-1,4.02334403991699
p-hat1500-1,1.09903788566589
brock400-4,0.29765510559082
c-fat500-5,0.1285719871521
c-fat200-5,0.112658977508545
p-hat1500-2,1.97621297836304
brock800-2,0.811717987060547
frb59-26-3,3.85982298851013
c-fat200-5,0.061398983001709
c-fat500-5,0.167885065078735
p-hat300-1,0.0736539363861084
gen400-p0-9-75,0.305499076843262
frb53-24-3,2.48406100273132
frb50-23-2,2.09769701957703
C250-9,0.116676092147827
johnson16-2-4,0.090008020401001
MANN-a27,0.32965087890625
johnson8-2-4,0.0197150707244873
johnson16-2-4,0.044719934463501
frb53-24-3,2.41052198410034
DSJC500-5,0.282183885574341
MANN-a27,0.2901451587677
san1000,0.996922969818115
p-hat1500-3,2.88098502159119
C1000-9,1.88057589530945
C4000-5,15.9871339797974
san1000,1.00457215309143
keller6,17.7291030883789
frb50-23-2,1.95160293579102
p-hat1500-1,1.02204489707947
san200-0-9-1,0.115803003311157
san200-0-7-1,0.0701861381530762
frb59-26-4,4.06454205513
c-fat500-5,0.40536093711853
frb53-24-4,2.70946383476257
frb50-23-2,2.28074598312378
C250-9,0.416295051574707
hamming6-4,0.0276219844818115
DSJC1000-5,1.11644411087036
p-hat300-3,0.19516396522522
brock800-4,0.850136041641235
p-hat1500-3,3.42502093315125
C125-9,0.0460801124572754
san200-0-9-3,0.093660831451416
san200-0-7-1,0.077908992767334
gen400-p0-9-65,0.335306167602539
DSJC1000-5,0.92337703704834
frb50-23-1,2.10238218307495
gen200-p0-9-55,0.0917000770568848
frb30-15-3,0.408317804336548
frb35-17-5,0.566226959228516
frb59-26-3,3.92052793502808
MANN-a9,0.0225739479064941
frb59-26-1,3.54062485694885
san200-0-9-3,0.0801069736480713
p-hat700-3,0.642289876937866
c-fat500-2,0.0755980014801025
frb45-21-5,1.59939408302307
p-hat700-1,0.282158851623535
johnson8-2-4,0.0167520046234131
frb40-19-5,0.847639083862305
san400-0-7-1,0.283200025558472
san1000,0.999506950378418
frb59-26-3,4.10118985176086
frb35-17-3,0.541108131408691
frb50-23-3,1.96954488754272
c-fat200-1,0.0337750911712646
C125-9,0.148618936538696
frb40-19-3,0.926960945129395
frb59-26-1,3.53856897354126
frb40-19-5,0.868193864822388
frb35-17-2,0.636448860168457
frb30-15-4,0.38099193572998
frb40-19-3,1.08696818351746
frb59-26-5,3.91236591339111
C1000-9,1.85197901725769
frb35-17-3,0.827830076217651
san400-0-7-1,0.543815851211548
frb59-26-2,3.83264994621277
san200-0-9-2,0.0881989002227783
hamming6-4,0.0275020599365234
p-hat1500-2,2.08560800552368
frb45-21-3,1.49133682250977
frb53-24-4,2.56132411956787
frb35-17-3,0.646715879440308
frb45-21-2,1.39371919631958
frb40-19-5,0.989252090454102
frb45-21-2,1.547208070755
frb53-24-2,2.77893996238708
p-hat1500-2,2.27512192726135
hamming8-4,0.105536937713623
frb53-24-2,2.61556792259216
p-hat1500-2,2.24339199066162
san200-0-7-2,0.128124952316284
san400-0-5-1,0.176344871520996
johnson8-2-4,0.0203361511230469
frb59-26-1,4.033127784729
gen400-p0-9-55,0.317779064178467
san400-0-7-1,0.317060947418213
keller6,16.9518721103668
p-hat700-3,0.962735891342163
frb30-15-2,0.357474803924561
frb30-15-4,0.381278991699219
san400-0-7-3,0.310791015625
C125-9,0.10008692741394
hamming6-4,0.0285179615020752
p-hat700-3,0.737345933914185
DSJC1000-5,0.901580095291138
frb53-24-2,2.52298307418823
johnson32-2-4,0.453581094741821
frb30-15-2,0.425611019134521
frb59-26-5,4.11024498939514
MANN-a27,0.299898862838745
c-fat200-1,0.0399620532989502
frb100-40,26.7560839653015
hamming8-4,0.110403060913086
brock400-2,0.456393957138062
san400-0-7-3,0.208813905715942
gen200-p0-9-44,0.176326036453247
p-hat1500-2,2.01631808280945
frb30-15-2,0.603355884552002
san1000,0.923285007476807
hamming6-2,0.0298769474029541
C2000-5,3.81618499755859
frb30-15-2,0.37028694152832
p-hat300-1,0.0775420665740967
san400-0-7-1,0.309041023254395
frb50-23-4,2.19022297859192
san400-0-7-2,0.266167879104614
gen400-p0-9-65,0.309131860733032
keller5,0.869630098342896
frb50-23-2,2.19600296020508
C2000-5,3.82166409492493
keller4,0.0531690120697021
MANN-a45,1.86669898033142
san400-0-7-1,0.213374853134155
MANN-a27,0.387526988983154
hamming6-2,0.0302829742431641
frb45-21-5,1.41180610656738
frb53-24-3,2.60112595558167
san200-0-7-1,0.0814721584320068
gen200-p0-9-55,0.149173021316528
MANN-a27,0.295098066329956
san400-0-5-1,0.225505113601685
san400-0-7-3,0.262035846710205
frb30-15-2,0.369570016860962
frb45-21-3,1.44082307815552
san400-0-7-1,0.261152029037476
frb50-23-3,2.0311279296875
frb59-26-4,3.45642995834351
johnson32-2-4,0.40035605430603
frb40-19-3,0.942008972167969
frb30-15-3,0.400652885437012
frb40-19-5,0.879832983016968
c-fat500-5,0.119096040725708
san200-0-9-1,0.16874098777771
hamming8-2,0.174016952514648
frb30-15-2,0.330661058425903
san1000,0.978293180465698
frb40-19-3,0.93175196647644
C4000-5,13.5874109268188
gen400-p0-9-55,0.292319059371948
frb53-24-2,2.12363600730896
frb50-23-3,1.81415891647339
p-hat700-3,0.579778909683228
frb45-21-3,1.18132710456848
gen400-p0-9-55,0.26938796043396
johnson32-2-4,0.365680932998657
p-hat700-2,0.411961078643799
san400-0-5-1,0.139156103134155
C2000-5,2.94994688034058
frb45-21-3,1.14386487007141
san400-0-7-3,0.252291917800903
MANN-a45,1.56020879745483
frb45-21-5,1.17099595069885
frb50-23-5,1.67046189308167
C2000-5,2.93699502944946
frb45-21-1,1.15839409828186
c-fat500-1,0.0571000576019287
frb50-23-5,1.71897315979004
keller6,13.4962809085846
frb53-24-1,2.24860000610352
frb40-19-4,0.740331888198853
johnson16-2-4,0.300617933273315
gen200-p0-9-55,0.0726809501647949
frb30-15-3,0.28941798210144
brock200-4,0.0623388290405273
frb35-17-4,0.512803077697754
hamming8-4,0.0857601165771484
C4000-5,11.8099129199982
frb59-26-3,3.01232385635376
p-hat1500-3,2.63931083679199
san200-0-9-3,0.367687940597534
frb59-26-4,3.14260196685791
c-fat500-5,0.0928270816802979
MANN-a9,0.0186469554901123
frb30-15-1,0.34223198890686
frb40-19-4,0.748234987258911
keller5,0.728328943252563
frb53-24-1,2.06254982948303
DSJC500-5,0.250273942947388
frb59-26-3,3.0257420539856
frb40-19-4,0.754958868026733
frb59-26-5,3.17514681816101
frb30-15-5,0.467929840087891
san200-0-7-2,0.0628790855407715
brock400-4,0.236797094345093
keller5,0.736173868179321
hamming6-4,0.023813009262085
hamming8-2,0.112921953201294
p-hat700-1,0.253584861755371
san400-0-7-3,0.393142938613892
frb53-24-5,2.09617900848389
p-hat700-1,0.254971027374268
san400-0-7-2,0.182653188705444
johnson16-2-4,0.034512996673584
frb30-15-4,0.341381788253784
gen400-p0-9-75,0.278975963592529
frb50-23-2,1.68605279922485
c-fat500-2,0.101083040237427
c-fat200-2,0.032567024230957
brock800-2,0.628788948059082
frb50-23-1,1.69706296920776
keller5,0.726958990097046
brock400-2,0.192950010299683
frb45-21-4,1.1492280960083
johnson8-2-4,0.0194380283355713
frb45-21-4,1.18373513221741
hamming6-4,0.0203149318695068
c-fat200-2,0.0320069789886475
DSJC1000-5,0.767552137374878
frb50-23-1,1.79211592674255
DSJC1000-5,0.773206233978271
frb35-17-3,0.681993007659912
p-hat700-1,0.244668006896973
san200-0-9-1,0.0705029964447021
frb45-21-5,1.15751481056213
san200-0-7-1,0.111353158950806
brock800-2,0.673580884933472
gen400-p0-9-55,0.267811059951782
C2000-9,5.13091993331909
frb40-19-5,0.755707025527954
MANN-a27,0.287191867828369
DSJC1000-5,0.783164024353027
frb30-15-3,0.293071031570435
san1000,0.793148994445801
keller6,13.5272018909454
hamming6-2,0.0276381969451904
p-hat700-2,0.417297840118408
gen400-p0-9-75,0.269603967666626
DSJC500-5,0.251213073730469
keller6,13.3164420127869
keller5,0.767969846725464
keller6,13.3239140510559
johnson8-4-4,0.0248830318450928
san200-0-7-2,0.0648069381713867
frb59-26-1,3.04430818557739
gen400-p0-9-65,0.219430923461914
p-hat700-3,0.571444988250732
brock200-2,0.264312028884888
gen200-p0-9-55,0.28226900100708
frb30-15-1,0.505102157592773
frb35-17-4,0.526753902435303
frb59-26-4,3.02180790901184
frb35-17-3,0.475010871887207
brock400-4,0.235122919082642
frb40-19-2,0.76757287979126
frb59-26-3,3.02962708473206
p-hat700-2,0.403126955032349
frb30-15-4,0.295326948165894
gen200-p0-9-55,0.285629034042358
gen200-p0-9-55,0.292778015136719
DSJC1000-5,0.810432910919189
frb50-23-1,1.75163602828979
johnson8-4-4,0.02445387840271
frb53-24-3,2.04565596580505
c-fat200-1,0.0343770980834961
p-hat700-2,0.441861152648926
gen200-p0-9-44,0.119885921478271
frb30-15-5,0.305299043655396
MANN-a9,0.0182809829711914
frb35-17-3,0.500957012176514
p-hat700-2,0.402123928070068
frb30-15-4,0.321455955505371
frb40-19-2,0.751379013061523
frb35-17-1,0.537023782730103
san400-0-7-1,0.22671103477478
frb59-26-1,2.99117517471313
p-hat700-1,0.296419143676758
johnson8-2-4,0.0167968273162842
brock400-4,0.233258008956909
frb100-40,21.3997070789337
frb45-21-3,1.34974098205566
keller5,0.727846145629883
san400-0-5-1,0.136538028717041
p-hat1500-3,2.41631078720093
brock400-4,0.225044012069702
c-fat500-2,0.0568900108337402
hamming6-4,0.0242969989776611
c-fat200-5,0.0461330413818359
frb45-21-1,1.19371700286865
frb40-19-5,0.742310047149658
frb53-24-5,2.07440710067749
johnson8-2-4,0.0196681022644043
p-hat300-3,0.159301042556763
frb30-15-1,0.297037124633789
frb59-26-2,2.96670413017273
johnson8-2-4,0.0192301273345947
frb45-21-5,1.2193751335144
frb35-17-4,0.480101108551025
san400-0-5-1,0.179930925369263
p-hat1500-1,0.912429094314575
p-hat300-2,0.137163877487183
frb40-19-4,0.755136966705322
frb50-23-1,1.82911896705627
frb35-17-2,0.477230072021484
p-hat1500-2,1.69472193717957
gen200-p0-9-44,0.074470043182373
san200-0-9-2,0.116402149200439
p-hat300-2,0.0853140354156494
hamming6-2,0.0214118957519531
C250-9,0.193599224090576
p-hat300-1,0.0589468479156494
C2000-5,2.90286707878113
johnson8-4-4,0.0189909934997559
p-hat300-1,0.105606079101562
frb35-17-1,0.505697965621948
san200-0-9-1,0.0777919292449951
c-fat500-2,0.109297037124634
frb35-17-2,0.472429990768433
frb45-21-2,1.13065195083618
frb40-19-4,0.753986120223999
gen200-p0-9-44,0.0662379264831543
gen400-p0-9-55,0.297670841217041
C500-9,0.367233991622925
frb100-40,21.4194219112396
frb50-23-1,1.86368703842163
frb30-15-1,0.505138874053955
MANN-a9,0.0192739963531494
c-fat500-2,0.146031856536865
brock200-2,0.0506470203399658
C250-9,0.105711936950684
frb53-24-3,2.09048986434937
C2000-9,5.13175582885742
frb50-23-3,1.70745897293091
johnson32-2-4,0.357527017593384
p-hat700-3,0.574137926101685
C500-9,0.379489898681641
frb45-21-4,1.16719484329224
frb45-21-4,1.18559718132019
frb53-24-4,2.12261509895325
gen400-p0-9-65,0.396286010742188
frb45-21-5,1.13499712944031
frb53-24-3,2.03916692733765
frb45-21-4,1.1621720790863
frb50-23-1,1.71172499656677
san1000,0.767580032348633
keller4,0.0492918491363525
san400-0-7-2,0.240437984466553
frb59-26-1,2.99459886550903
frb50-23-4,1.67703104019165
frb45-21-2,1.1745388507843
san200-0-9-2,0.076826810836792
p-hat1500-2,1.6993420124054
keller4,0.0844850540161133
frb30-15-1,0.379415035247803
johnson16-2-4,0.0340418815612793
frb59-26-3,2.98913407325745
MANN-a45,1.53538107872009
frb53-24-3,2.07602477073669
frb59-26-2,2.98976898193359
brock800-4,0.674331903457642
gen400-p0-9-55,0.440874099731445
c-fat500-5,0.092155933380127
frb35-17-5,0.476930856704712
brock800-4,0.641836166381836
frb50-23-1,1.71124601364136
frb53-24-5,2.07362103462219
C4000-5,11.6060528755188
keller4,0.0484230518341064
p-hat700-3,0.601190090179443
frb45-21-3,1.17196798324585
frb53-24-3,2.06703901290894
frb50-23-1,1.8213210105896
frb59-26-4,2.99472498893738
johnson8-2-4,0.0172369480133057
C500-9,0.376713991165161
brock800-4,0.644454956054688
frb50-23-4,1.74307489395142
p-hat300-3,0.115326881408691
frb59-26-1,2.97298789024353
frb35-17-4,0.471951961517334
p-hat300-3,0.201225996017456
frb59-26-1,3.00050401687622
C250-9,0.100527048110962
san200-0-9-3,0.15946102142334
frb30-15-2,0.292742013931274
frb35-17-4,0.480401992797852
frb50-23-2,1.72908210754395
p-hat700-1,0.252137899398804
johnson16-2-4,0.0386490821838379
frb40-19-1,0.75944185256958
hamming6-4,0.0240418910980225
keller5,0.683278799057007
johnson32-2-4,0.398149967193604
johnson8-4-4,0.0233180522918701
C250-9,0.144478797912598
frb50-23-4,1.6688380241394
frb40-19-4,0.770788192749023
san200-0-7-1,0.0590019226074219
frb40-19-2,0.748857021331787
c-fat500-5,0.0929131507873535
p-hat700-1,0.251466989517212
san400-0-5-1,0.180312871932983
MANN-a45,1.57396793365479
san400-0-7-3,0.186502933502197
C2000-5,2.90839695930481
brock200-2,0.052170991897583
frb30-15-1,0.292665958404541
san200-0-9-3,0.113371849060059
johnson16-2-4,0.0333330631256104
C1000-9,1.39832210540771
frb53-24-2,2.05407691001892
frb30-15-5,0.295645952224731
frb59-26-1,2.97023296356201
C1000-9,1.37996912002563
frb45-21-5,1.14213800430298
frb59-26-4,3.02508997917175
keller6,13.1876320838928
johnson16-2-4,0.0341589450836182
brock200-4,0.11192798614502
hamming8-2,0.147515058517456
frb45-21-3,1.16906690597534
frb30-15-5,0.298511028289795
frb40-19-4,0.739658117294312
p-hat700-1,0.291112899780273
frb100-40,21.6695671081543
p-hat700-1,0.365875005722046
johnson8-2-4,0.022413969039917
brock800-4,0.927109003067017
san400-0-5-1,0.178739786148071
gen400-p0-9-65,0.218194961547852
johnson32-2-4,0.366209030151367
frb30-15-1,0.296206951141357
san400-0-7-3,0.227297067642212
johnson16-2-4,0.0330169200897217
frb59-26-2,3.04390597343445
johnson16-2-4,0.0417709350585938
C500-9,0.392738819122314
johnson8-4-4,0.0225229263305664
frb50-23-1,1.69034290313721
san1000,0.778653144836426
frb35-17-3,0.471060991287231
C2000-9,5.31415677070618
frb53-24-2,2.02918577194214
p-hat700-1,0.488201141357422
p-hat700-1,0.258760929107666
frb40-19-1,0.743621110916138
p-hat300-1,0.0528521537780762
hamming8-2,0.159167051315308
san200-0-9-2,0.0681390762329102
hamming8-4,0.167519092559814
p-hat700-2,0.423732995986938
C4000-5,11.5944550037384
frb53-24-5,2.07034683227539
frb53-24-1,2.09260702133179
frb59-26-4,3.00424098968506
DSJC500-5,0.196469068527222
frb59-26-2,3.31254816055298
san200-0-9-3,0.0712339878082275
c-fat500-1,0.0559871196746826
frb45-21-1,1.17956304550171
brock800-2,0.636767148971558
c-fat200-1,0.0381808280944824
johnson16-2-4,0.0369658470153809
san200-0-9-3,0.0739200115203857
brock200-4,0.126190185546875
MANN-a9,0.0178520679473877
frb40-19-1,0.764976024627686
hamming8-2,0.150998115539551
c-fat500-2,0.0577759742736816
c-fat200-5,0.312659025192261
frb30-15-2,0.303154945373535
johnson8-4-4,0.0239319801330566
MANN-a9,0.0195999145507812
hamming8-4,0.0840950012207031
frb59-26-4,3.14494800567627
frb45-21-5,1.1621298789978
frb30-15-2,0.297065019607544
johnson32-2-4,0.368633985519409
frb53-24-1,2.04509282112122
hamming6-2,0.0264279842376709
johnson8-2-4,0.0210800170898438
C2000-9,5.21950101852417
brock800-2,0.6439049243927
frb50-23-4,1.73438310623169
frb50-23-2,1.673091173172
san200-0-7-1,0.153566122055054
frb59-26-1,3.03836488723755
brock800-2,0.638739824295044
frb53-24-2,2.0885899066925
frb100-40,21.4756801128387
san200-0-7-2,0.0809550285339355
frb45-21-5,1.23128199577332
san400-0-7-1,0.177089929580688
san400-0-5-1,0.177428960800171
frb45-21-1,1.13262820243835
gen400-p0-9-55,0.270567893981934
MANN-a45,1.6987898349762
C2000-9,5.05199003219604
C125-9,0.0403568744659424
DSJC500-5,0.253602981567383
hamming6-4,0.0256049633026123
brock800-2,0.665341854095459
frb40-19-1,0.782118797302246
frb45-21-4,1.37361598014832
MANN-a9,0.0244710445404053
frb40-19-4,1.000657081604
p-hat300-1,0.0595128536224365
brock400-4,0.232650995254517
MANN-a9,0.0191760063171387
frb45-21-3,1.14054584503174
brock800-4,0.806535959243774
frb30-15-2,0.301271915435791
brock200-2,0.0512740612030029
frb35-17-2,0.524248838424683
keller5,0.723273038864136
hamming6-2,0.0205869674682617
keller6,13.208459854126
frb40-19-3,0.787130832672119
frb45-21-2,1.16887521743774
C1000-9,1.301677942276
frb30-15-1,0.29804515838623
gen400-p0-9-75,0.291666984558105
frb100-40,21.4503889083862
johnson8-2-4,0.0260519981384277
frb50-23-3,1.78277993202209
san1000,0.770751953125
frb40-19-5,0.743999004364014
frb53-24-5,2.09500002861023
frb40-19-2,0.750659942626953
san200-0-9-1,0.120431900024414
frb30-15-3,0.289746046066284
frb53-24-2,2.04060196876526
johnson16-2-4,0.0837371349334717
p-hat700-2,0.558187007904053
gen400-p0-9-75,0.261528015136719
c-fat200-1,0.0520730018615723
gen400-p0-9-75,0.271300077438354
p-hat1500-1,0.908338069915771
p-hat1500-3,2.43000602722168
frb45-21-1,1.12274503707886
keller4,0.0487339496612549
brock200-4,0.108636140823364
san200-0-9-3,0.0669820308685303
frb53-24-1,2.11219620704651
gen400-p0-9-65,0.268543004989624
frb53-24-1,2.03553986549377
p-hat1500-1,0.881744861602783
keller6,13.3116869926453
san1000,0.781446933746338
frb53-24-4,2.07816696166992
MANN-a9,0.0224640369415283
san400-0-7-3,0.198374032974243
brock800-2,0.6474449634552
MANN-a81,15.8192989826202
keller5,0.694186925888062
frb53-24-4,2.10501480102539
frb59-26-4,2.96818518638611
gen200-p0-9-55,0.081028938293457
DSJC1000-5,0.835567951202393
frb40-19-1,0.797589063644409
MANN-a27,0.212682008743286
hamming8-4,0.133117914199829
san200-0-9-3,0.0706260204315186
brock200-4,0.104436159133911
hamming8-4,0.336368083953857
C500-9,0.366342067718506
p-hat1500-3,2.43126010894775
san400-0-7-3,0.227969884872437
MANN-a45,1.54226183891296
san200-0-7-2,0.107391119003296
frb50-23-5,1.70463109016418
brock800-4,0.664813995361328
frb53-24-3,2.03929901123047
frb53-24-5,2.0683159828186
c-fat500-5,0.333820819854736
frb35-17-2,0.473514080047607
keller5,0.721312999725342
MANN-a45,1.54147100448608
hamming8-2,0.141470909118652
keller4,0.0476491451263428
frb35-17-2,0.522265195846558
frb35-17-5,0.714617013931274
frb45-21-5,1.12958192825317
san1000,0.800749063491821
p-hat700-1,0.245589017868042
johnson32-2-4,0.354721069335938
frb53-24-3,2.23933100700378
san200-0-9-1,0.0732800960540771
C2000-9,5.14044404029846
c-fat200-1,0.0390670299530029
san400-0-7-3,0.232008934020996
gen400-p0-9-65,0.265223026275635
johnson8-2-4,0.0182199478149414
frb40-19-1,0.789663076400757
san200-0-9-2,0.0705771446228027
frb35-17-1,0.478235960006714
san400-0-7-1,0.181562900543213
frb53-24-2,2.09638214111328
frb35-17-4,0.477697134017944
johnson8-2-4,0.0155689716339111
gen400-p0-9-75,0.259320020675659
gen400-p0-9-55,0.268435955047607
brock400-4,0.253525018692017
frb30-15-5,0.294960975646973
